platform,search_keyword,title,price,deadline,category,applicants,posted_date,url,description
ココナラ,Webサイト制作・デザイン,"再掲！【4,000円】アーティスト活動用・イラスト制作（継続依頼あり）","予算
10,000円",,Webサイト制作・デザイン,,,https://coconala.com/requests/4867874,"ホーム
仕事を探す
単発の仕事を探す（すべて）
イラスト作成・漫画制作
アイコン作成・SNSイラスト作成
再掲！【4,000円】アーティスト活動用・イラスト制作（継続依頼あり）
再掲！【4,000円】アーティスト活動用・イラスト制作（継続依頼あり）
アイコン作成・SNSイラスト作成
予算
5千円未満
納品希望日
2026年3月26日
募集期限
あと 4 日 と 13時間 締切日 2026年3月5日 / 掲載日 2026年2月28日
応募状況
応募人数 3
契約人数 0
閲覧数 150
作成数
1点
サイズ
3000×3000px
色イメージ
こちらの用意する画像を元に描いていただきたいので打ち合わせできると嬉しいです
希望イメージ
シンプル
複雑
単色
カラフル
気軽
フォーマル
女性的
男性的
納品ファイル形式
PNG
商用利用予定
あり
二次利用予定
未定・相談したい
募集内容
前回募集をかけておりましたが、参考画像がなかったため、掲載のうえ再度募集をかけさせていただきます。
ご応募くださったイラストレーター様には申し訳有りません。

この度、アーティストとして活動することになりました。
楽曲配信にあたり、アーティスト写真を制作してくださるイラストレーター様を募集します。

​【依頼内容】
手元に完成イメージ画像がありますので、そちらをベースにイラスト化をお願いします。
​ポイント： 顔の特徴（造形、表情、雰囲気）をしっかり私に似せて描いていただきたいです。
​希望スタイル： アニメ塗りやデフォルメの強いタッチではなく、実写に近い「リアル」な質感を希望しています。
​こだわりのニュアンス： 厚塗りやアナログ感のある、オシャレで深みのあるタッチが得意な方を求めています。大人っぽくなりすぎず、私の顔が持つ、特徴をしっかりと捉えて表現してくださる方だと嬉しいです。
​打ち合わせ： 詳細を相談しながら、一緒にイメージを形にしてくださる方を希望します。
参考画像(AI作成)のイラストのようなイメージが得意な方がいらっしゃれば嬉しいです。

​【条件など】
今後もご依頼させていただける方と出会いたいと考えています。
​利用範囲： 音楽配信（TuneCore等での商用利用）およびSNSアイコン等での利用を許可いただける方。
​納期： 着手から2週間程度を希望します。
​実績公開： 完成作品は、ポートフォリオ等で実績として公開いただいて構いません。

​【納品形式】
3000px × 3000px / PNG（高画質希望）

​予算は**4,000円（システム手数料込）**で考えております。
私の「顔」を魅力的に、リアルに表現してくださる方、ぜひお力を貸してください。
​ご依頼させていただくことになった方にのみ、個別に詳細（ベース画像）を共有いたします。
添付ファイル
 1772283735522~2.png
 1772264120642.png
 1772273438231.png
 1772279514969.png
参考URL
ー
求めるスキル
ー
特記事項
継続依頼あり
応募者一覧
応募者
応募日時
MAIZO（まいぞー）
2026/02/28 23:54
順_jun
2026/03/01 00:12
null_b
2026/03/01 09:01
募集内容についての質問
質問と回答の履歴
質問はまだありません。不明なことがあれば質問してみましょう。
応募する
ブックマーク
募集者へ質問する
募集者情報
sumire121
発注実績
0
発注件数
0%
発注率
0%
取引完了率
認証状況
本人確認
 
機密保持契約(NDA)
 
この募集内容に似ている仕事
アイコン作成・SNSイラスト作成
Twitterのヘッダーを依頼したいです！
予算
5千円
〜
1万円
応募者数
20
募集期限
あと 4 日 （3月5日まで）
シャノア
投稿日時：2日前
詳細を見る 
アイコン作成・SNSイラスト作成
ジャンク品修理系YouTubeチャンネルのアイコンデザイン制作ができる方を募集します
予算
10,000円
応募者数
13
募集期限
あと 10 日 （3月11日まで）
nejimakitesta
投稿日時：3日前
詳細を見る 
アイコン作成・SNSイラスト作成
ペア画&個人アイコンご依頼
予算
5,000円
応募者数
12
募集期限
あと 8 日 （3月9日まで）
麻倉白愛
投稿日時：5日前
詳細を見る 
アイコン作成・SNSイラスト作成
動物イラストのSNSアイコンを作成してほしいです。
予算
1,000円
応募者数
18
募集期限
あと 3 日 （3月4日まで）
さいとう｜WEBデザイン
投稿日時：1日前
詳細を見る 
アイコン作成・SN"
ココナラ,Webサイト制作・デザイン,"【4,000円】アーティスト活動用・顔の特徴を捉えた「リアル」なイラスト制作（継続依頼あり）","予算
10,000円",,Webサイト制作・デザイン,,,https://coconala.com/requests/4867041,"ホーム
仕事を探す
単発の仕事を探す（すべて）
イラスト作成・漫画制作
アイコン作成・SNSイラスト作成
【4,000円】アーティスト活動用・顔の特徴を捉えた「リアル」なイラスト制作（継続依頼あり）
【4,000円】アーティスト活動用・顔の特徴を捉えた「リアル」なイラスト制作（継続依頼あり）
アイコン作成・SNSイラスト作成
予算
5千円未満
納品希望日
2026年3月25日
募集期限
募集終了 締切日 2026年3月3日 / 掲載日 2026年2月28日
応募状況
応募人数 4
契約人数 0
閲覧数 142
作成数
1点
サイズ
3000×3000px
色イメージ
元画像を参考に描いて頂くため、打ち合わせをしたいです。
希望イメージ
シンプル
複雑
単色
カラフル
気軽
フォーマル
女性的
男性的
納品ファイル形式
PNG
商用利用予定
あり
二次利用予定
未定・相談したい
募集内容
​はじめまして。この度、アーティストとして活動することになりました。
楽曲配信にあたり、アーティスト写真を制作してくださるイラストレーター様を募集します。

​【依頼内容】
手元に完成イメージ画像がありますので、そちらをベースにイラスト化をお願いします。
​ポイント： 顔の特徴（造形、表情、雰囲気）をしっかり私に似せて描いていただきたいです。
​希望スタイル： アニメ塗りやデフォルメの強いタッチではなく、実写に近い「リアル」な質感を希望しています。
​こだわりのニュアンス： 厚塗りやアナログ感のある、オシャレで深みのあるタッチが得意な方を求めています。大人っぽくなりすぎず、私の顔が持つ、特徴をしっかりと捉えて表現してくださる方だと嬉しいです。
​打ち合わせ： 詳細を相談しながら、一緒にイメージを形にしてくださる方を希望します。

​【条件など】
今後もご依頼させていただける方と出会いたいと考えています。
​利用範囲： 音楽配信（TuneCore等での商用利用）およびSNSアイコン等での利用を許可いただける方。
​納期： 着手から2週間程度を希望します。
​実績公開： 完成作品は、ポートフォリオ等で実績として公開いただいて構いません。

​【納品形式】
3000px × 3000px / PNG（高画質希望）

​予算は**4,000円（システム手数料込）**で考えております。
私の「顔」を魅力的に、リアルに表現してくださる方、ぜひお力を貸してください。
​ご依頼させていただくことになった方にのみ、個別に詳細（ベース画像）を共有いたします。
添付ファイル
ー
参考URL
ー
求めるスキル
ー
特記事項
継続依頼あり
応募者一覧
応募者
応募日時
null_b
2026/02/28 17:51
STUDIO CRA
2026/02/28 18:16
kqn_qq
2026/02/28 18:51
順_jun
2026/02/28 19:42
募集内容についての質問
質問と回答の履歴
質問はまだありません。不明なことがあれば質問してみましょう。
募集終了
ブックマーク
募集者情報
sumire121
発注実績
0
発注件数
0%
発注率
0%
取引完了率
認証状況
本人確認
 
機密保持契約(NDA)
 
この募集内容に似ている仕事
アイコン作成・SNSイラスト作成
Twitterのヘッダーを依頼したいです！
予算
5千円
〜
1万円
応募者数
20
募集期限
あと 4 日 （3月5日まで）
シャノア
投稿日時：2日前
詳細を見る 
アイコン作成・SNSイラスト作成
ジャンク品修理系YouTubeチャンネルのアイコンデザイン制作ができる方を募集します
予算
10,000円
応募者数
13
募集期限
あと 10 日 （3月11日まで）
nejimakitesta
投稿日時：3日前
詳細を見る 
アイコン作成・SNSイラスト作成
ペア画&個人アイコンご依頼
予算
5,000円
応募者数
12
募集期限
あと 8 日 （3月9日まで）
麻倉白愛
投稿日時：5日前
詳細を見る 
アイコン作成・SNSイラスト作成
再掲！【4,000円】アーティスト活動用・イラスト制作（継続依頼あり）
予算
5千円未満
応募者数
3
募集期限
あと 4 日 （3月5日まで）
sumire121
投稿日時：12時間前
詳細を見る 
アイコン作成・SNSイラスト作成
動物イラストのSNSアイコンを作成してほしいです。
予算
1,000円
応募者数
18
募集期限
あと 3 日 （3月4日まで）
さいとう｜WEBデザイン
投稿日時：1日前
詳細を見る 
アイコン作成・SNSイラスト作成
Twitterのヘッダーを依頼したいです！
予算
5千円
〜
1万円
応募者数
20
募集期限
あ"
ココナラ,Webサイト制作・デザイン,動物イラストのSNSアイコンを作成してほしいです。,"予算
1,000円",,Webサイト制作・デザイン,,,https://coconala.com/requests/4865957,"ホーム
仕事を探す
単発の仕事を探す（すべて）
イラスト作成・漫画制作
アイコン作成・SNSイラスト作成
動物イラストのSNSアイコンを作成してほしいです。
動物イラストのSNSアイコンを作成してほしいです。
アイコン作成・SNSイラスト作成
予算
1,000円
納品希望日
2026年3月10日
募集期限
あと 3 日 と 13時間 締切日 2026年3月4日 / 掲載日 2026年2月27日
応募状況
応募人数 18
契約人数 0
閲覧数 280
作成数
1点
サイズ
400×400
色イメージ
青系（爽やか・信頼・クール）
 
希望イメージ
シンプル
複雑
単色
カラフル
気軽
フォーマル
女性的
男性的
納品ファイル形式
JPG、PNG
商用利用予定
なし
二次利用予定
なし
募集内容
うちのペット（デグー）をモデルにしたアイコンを作成してほしいです。
用途は個人のInstagramアイコンになります。

【 イラストイメージ 】
・デグー1匹（毛色はブルー）
・名前を入れてほしい（名前はめる）
・背景の色をターコイズブルーもしくは淡いピンクで迷っています。
・イラストのイメージは柔らかい感じが良いです。
＊ペットの写真は現在選んでいるところなので、採用された方にお送りいたします。

【 応募時のお願い 】
・修正対応について教えてください。
・過去の実績や制作物を簡易的にご提示いただけると嬉しいです。

初心者、経験者関係なく、自分のイメージに近い方にお願いしたいと思っています。

その他ご質問等ありましたら、気軽にお問い合わせください。
応募をお待ちしております！
添付ファイル
ー
参考URL
ー
求めるスキル
ー
特記事項
初心者OK品質重視
応募者一覧
応募者
応募日時
まじろーM
2026/02/27 22:56
SakiStudio
2026/02/27 23:09
TI001
2026/02/27 23:18
ShiromiChan
2026/02/27 23:21
クルク2026
2026/02/27 23:31
もっと見る 
募集内容についての質問
質問と回答の履歴
shudonico
22時間前
はじめまして。
nicoと申します☺︎

この度は素敵なご依頼内容を拝見し、ご連絡させていただきました。

続きを読む
さいとう｜WEBデザイン
17時間前
ご質問ありがとうございます！

個人利用になります。
実績として掲載することもOKです。

続きを読む
応募する
ブックマーク
募集者へ質問する
募集者情報
さいとう｜WEBデザイン
発注実績
0
発注件数
0%
発注率
0%
取引完了率
認証状況
本人確認
 
機密保持契約(NDA)
 
この募集内容に似ている仕事
アイコン作成・SNSイラスト作成
Twitterのヘッダーを依頼したいです！
予算
5千円
〜
1万円
応募者数
20
募集期限
あと 4 日 （3月5日まで）
シャノア
投稿日時：2日前
詳細を見る 
アイコン作成・SNSイラスト作成
ジャンク品修理系YouTubeチャンネルのアイコンデザイン制作ができる方を募集します
予算
10,000円
応募者数
13
募集期限
あと 10 日 （3月11日まで）
nejimakitesta
投稿日時：3日前
詳細を見る 
アイコン作成・SNSイラスト作成
ペア画&個人アイコンご依頼
予算
5,000円
応募者数
12
募集期限
あと 8 日 （3月9日まで）
麻倉白愛
投稿日時：5日前
詳細を見る 
アイコン作成・SNSイラスト作成
再掲！【4,000円】アーティスト活動用・イラスト制作（継続依頼あり）
予算
5千円未満
応募者数
3
募集期限
あと 4 日 （3月5日まで）
sumire121
投稿日時：12時間前
詳細を見る 
アイコン作成・SNSイラスト作成
Twitterのヘッダーを依頼したいです！
予算
5千円
〜
1万円
応募者数
20
募集期限
あと 4 日 （3月5日まで）
シャノア
投稿日時：2日前
詳細を見る 
アイコン作成・SNSイラスト作成
ジャンク品修理系YouTubeチャンネルのアイコンデザイン制作ができる方を募集します
予算
10,000円
応募者数
13
募集期限
あと 10 日 （3月11日まで）
nejimakitesta
投稿日時：3日前
詳細を見る 
アイコン作成・SNSイラスト作成
ペア画&個人アイコンご依頼
予算
5,000円
応募者数
12
募集期限
あと 8 日 （3月9日まで）
麻倉白愛
投稿日時：5日前
詳細を見る 
アイコン作成・SNSイラスト作成
再掲！【4,000円】アーティスト活動用・イラスト制作（継続依頼あり）
予算
5千円未満
応募者数"
ココナラ,Webサイト制作・デザイン,1周年記念の一枚絵イラストの制作をお願いします,"予算
1万円",,Webサイト制作・デザイン,,,https://coconala.com/requests/4863666,"ホーム
仕事を探す
単発の仕事を探す（すべて）
イラスト作成・漫画制作
アイコン作成・SNSイラスト作成
1周年記念の一枚絵イラストの制作をお願いします
1周年記念の一枚絵イラストの制作をお願いします
アイコン作成・SNSイラスト作成
予算
1万円
〜
3万円
納品希望日
2026年3月21日
募集期限
募集終了 締切日 2026年3月1日 / 掲載日 2026年2月26日
応募状況
応募人数 67
契約人数 1
閲覧数 629
作成数
1点
サイズ
3508× 2480px(A4横)
色イメージ
黄・オレンジ系（ポップ・にぎやか）
 
希望イメージ
シンプル
複雑
単色
カラフル
気軽
フォーマル
女性的
男性的
納品ファイル形式
PNG
商用利用予定
あり
二次利用予定
あり
募集内容
初めまして。瀬戸内すみれと申します。
この度、YouTube活動1周年を記念した一枚絵イラストを制作してくださる方を募集しております。

活動チャンネル
【YouTube】
https://youtube.com/@sumiresetouchi?si=Ed4McruuNd4_TSB-
【X】
https://x.com/sumiresetouchi?s=21&t=ddDKWoxwzHPesZY8mrHGiA

◾️依頼内容
・1周年記念用の一枚絵イラストをお願いいたします。
・背景イラストと人物は別のレイヤーに分けてご作成をお願いいたします。(人物は透過PNG希望)
・キャラクターのバストアップのイラストをお願いいたします。詳しくは添付ファイルをご覧ください。(イラストイメージとアイコンイラストを添付しております)

◾️使用目的
・収益化予定のYouTubeの配信用背景及びサムネイル
・SNSのアイコン及びヘッダー
・活動用SNSでのイラスト公表
・ネットプリントでの配布(こちらは未確定ですが、する場合を想定してお見積りいただけますと幸いです)
※使用するにあたり、イラスト内への文字の入力や画像のトリミング、人物イラストを別の背景(フリー画像など)と組み合わせて使用する事を想定しております。また、1周年の記念ではありますが、今後の活動にも使用させていただきたいと考えております。

◾️納期
3月21日頃までにいただけると大変ありがたいです。

◾️予算
30,000円

ご興味を持っていただけましたら、お気軽にご連絡いただけますと幸いです。
どうぞよろしくお願いいたします。
添付ファイル
 無題68_2026022623....png
 phonto.jpeg
参考URL
ー
求めるスキル
ー
特記事項
ー
応募者一覧
応募者
応募日時
Okunoゆーじろ
2026/02/27 00:31
kqn_qq
2026/02/27 00:48
雪乃 ゆきの
2026/02/27 00:51
いぬだこ
2026/02/27 00:56
くらら。
2026/02/27 01:26
もっと見る 
募集内容についての質問
質問と回答の履歴
質問はまだありません。不明なことがあれば質問してみましょう。
募集終了
ブックマーク
募集者情報
瀬戸内すみれ
 5.0 （5）
発注実績
2
発注件数
100%
発注率
0%
取引完了率
認証状況
本人確認
 
機密保持契約(NDA)
 
この募集内容に似ている仕事
アイコン作成・SNSイラスト作成
Twitterのヘッダーを依頼したいです！
予算
5千円
〜
1万円
応募者数
20
募集期限
あと 4 日 （3月5日まで）
シャノア
投稿日時：2日前
詳細を見る 
アイコン作成・SNSイラスト作成
ジャンク品修理系YouTubeチャンネルのアイコンデザイン制作ができる方を募集します
予算
10,000円
応募者数
13
募集期限
あと 10 日 （3月11日まで）
nejimakitesta
投稿日時：3日前
詳細を見る 
アイコン作成・SNSイラスト作成
ペア画&個人アイコンご依頼
予算
5,000円
応募者数
12
募集期限
あと 8 日 （3月9日まで）
麻倉白愛
投稿日時：5日前
詳細を見る 
アイコン作成・SNSイラスト作成
再掲！【4,000円】アーティスト活動用・イラスト制作（継続依頼あり）
予算
5千円未満
応募者数
3
募集期限
あと 4 日 （3月5日まで）
sumire121
投稿日時：12時間前
詳細を見る 
アイコン作成・SNSイラスト作成
動物イラストのSNSアイコンを作成してほしいです。
予算
1,000円
応募者数
18
募集期限
あと 3 日 （3月4日まで）
さいとう｜WEBデザイン
投稿日時：1日前
詳細を見る 
アイコン作成・SNSイラスト作成
Twitterのヘッダーを依"
ココナラ,Webサイト制作・デザイン,Twitterのヘッダーを依頼したいです！,"予算
1,000円",,Webサイト制作・デザイン,,,https://coconala.com/requests/4863703,"ホーム
仕事を探す
単発の仕事を探す（すべて）
イラスト作成・漫画制作
アイコン作成・SNSイラスト作成
Twitterのヘッダーを依頼したいです！
Twitterのヘッダーを依頼したいです！
アイコン作成・SNSイラスト作成
予算
5千円
〜
1万円
納品希望日
ご相談
募集期限
あと 4 日 と 13時間 締切日 2026年3月5日 / 掲載日 2026年2月26日
応募状況
応募人数 20
契約人数 0
閲覧数 397
作成数
1点
サイズ
1500×500px
色イメージ
ピンク系（かわいい・若い・女性的）
 
希望イメージ
シンプル
複雑
単色
カラフル
気軽
フォーマル
女性的
男性的
納品ファイル形式
PNG、PSD、未定・相談したい
商用利用予定
未定・相談したい
二次利用予定
未定・相談したい
募集内容
【募集詳細】  
SNS（X）のヘッダー用イラストを制作していただける方を募集しています。  
キャラクター＋ロゴ入りのデザインを希望しています。  

【サイズ】  
1500×500px  

【使用用途】  
・SNSヘッダー  
・配信活動  

【納品形式】  
PNG（可能であればPSDも希望）  

配信活動で使用するため、かわいいポップなアニメ風イラストだと嬉しいです。  
実績やポートフォリオがあればご共有いただけると助かります。  
よろしくお願いいたします。
添付ファイル
ー
参考URL
ー
求めるスキル
ー
特記事項
経験者優遇継続依頼あり品質重視
応募者一覧
応募者
応募日時
無職透明
2026/02/26 23:55
ピリリ
2026/02/27 00:50
くくゆ
2026/02/27 09:12
村喜由美
2026/02/27 09:22
きくのらげ
2026/02/27 09:45
もっと見る 
募集内容についての質問
質問と回答の履歴
質問はまだありません。不明なことがあれば質問してみましょう。
応募する
ブックマーク
募集者へ質問する
募集者情報
シャノア
 5.0 （2）
発注実績
0
発注件数
0%
発注率
0%
取引完了率
認証状況
本人確認
 
機密保持契約(NDA)
 
この募集内容に似ている仕事
アイコン作成・SNSイラスト作成
動物イラストのSNSアイコンを作成してほしいです。
予算
1,000円
応募者数
18
募集期限
あと 3 日 （3月4日まで）
さいとう｜WEBデザイン
投稿日時：1日前
詳細を見る 
アイコン作成・SNSイラスト作成
ジャンク品修理系YouTubeチャンネルのアイコンデザイン制作ができる方を募集します
予算
10,000円
応募者数
13
募集期限
あと 10 日 （3月11日まで）
nejimakitesta
投稿日時：3日前
詳細を見る 
アイコン作成・SNSイラスト作成
ペア画&個人アイコンご依頼
予算
5,000円
応募者数
12
募集期限
あと 8 日 （3月9日まで）
麻倉白愛
投稿日時：5日前
詳細を見る 
アイコン作成・SNSイラスト作成
再掲！【4,000円】アーティスト活動用・イラスト制作（継続依頼あり）
予算
5千円未満
応募者数
3
募集期限
あと 4 日 （3月5日まで）
sumire121
投稿日時：12時間前
詳細を見る 
アイコン作成・SNSイラスト作成
動物イラストのSNSアイコンを作成してほしいです。
予算
1,000円
応募者数
18
募集期限
あと 3 日 （3月4日まで）
さいとう｜WEBデザイン
投稿日時：1日前
詳細を見る 
アイコン作成・SNSイラスト作成
ジャンク品修理系YouTubeチャンネルのアイコンデザイン制作ができる方を募集します
予算
10,000円
応募者数
13
募集期限
あと 10 日 （3月11日まで）
nejimakitesta
投稿日時：3日前
詳細を見る 
アイコン作成・SNSイラスト作成
ペア画&個人アイコンご依頼
予算
5,000円
応募者数
12
募集期限
あと 8 日 （3月9日まで）
麻倉白愛
投稿日時：5日前
詳細を見る 
アイコン作成・SNSイラスト作成
再掲！【4,000円】アーティスト活動用・イラスト制作（継続依頼あり）
予算
5千円未満
応募者数
3
募集期限
あと 4 日 （3月5日まで）
sumire121
投稿日時：12時間前
詳細を見る 
アイコン作成・SNSイラスト作成
動物イラストのSNSアイコンを作成してほしいです。
予算
1,000円
応募者数
18
募集期限
あと 3 日 （3月4日まで）
さいとう｜WEBデザイン
投稿日時：1日前
詳細を見る 
アイコン作成・SNSイラスト作成
ジャンク品修理系YouTubeチャンネル"
ココナラ,IT・プログラミング,街頭でのチラシ配布代行(1時間1700円),"予算
10万円",,IT・プログラミング,,,https://coconala.com/requests/4868553,"ホーム
仕事を探す
単発の仕事を探す（すべて）
ビジネス代行・事務代行
営業代行・テレアポ相談
街頭でのチラシ配布代行(1時間1700円)
街頭でのチラシ配布代行(1時間1700円)
営業代行・テレアポ相談
予算
5千円
〜
1万円
納品希望日
ご相談
募集期限
あと 14 日 と 13時間 締切日 2026年3月15日 / 掲載日 2026年3月1日
応募状況
応募人数 0
契約人数 0
閲覧数 1
業種
小売・飲食・生活
依頼範囲
営業代行（一括）
募集内容
募集内容
・内容：楽天市場の店舗の知名度を上げるため、街頭でチラシ配布を行なって頂きます。

希望勤務地にて勤務可能です！
交通費別途支給されます！

研修時間：3時間
5100円で応募ください。

【 重視する点・経験 】
・チラシ配布業務の経験、実績(未経験者歓迎！)

【 応募時のお願い 】
過去の実績を簡易的にご提示ください。

ご質問がありましたら、気軽にお問い合わせください。
応募をお待ちしております！
添付ファイル
ー
参考URL
ー
求めるスキル
ー
特記事項
継続依頼あり
応募者一覧
応募はまだありません
募集内容についての質問
質問と回答の履歴
質問はまだありません。不明なことがあれば質問してみましょう。
応募する
ブックマーク
募集者へ質問する
募集者情報
kamizoku
発注実績
0
発注件数
0%
発注率
0%
取引完了率
認証状況
本人確認
 
機密保持契約(NDA)
 
この募集内容に似ている仕事
営業代行・テレアポ相談
自家焙煎コーヒー豆の法人顧客獲得戦略を担う方募集
予算
見積り希望
応募者数
2
募集期限
あと 4 日 （3月5日まで）
Futura合同会社
投稿日時：2日前
詳細を見る 
営業代行・テレアポ相談
Webマーケティング支援の新規顧客開拓担当者を募集します
予算
見積り希望
応募者数
0
募集期限
あと 11 日 （3月12日まで）
WebSprinter マーケター龍之介
投稿日時：2日前
詳細を見る 
営業代行・テレアポ相談
人材派遣サービスの新規顧客開拓を行う方を募集します
予算
10万円
〜
15万円
応募者数
0
募集期限
あと 10 日 （3月11日まで）
mitsuyoshida32
投稿日時：3日前
詳細を見る 
営業代行・テレアポ相談
新規顧客開拓と深耕営業ができる方を募集します
予算
見積り希望
応募者数
0
募集期限
あと 2 日 （3月3日まで）
AKI39a
投稿日時：12時間前
詳細を見る 
営業代行・テレアポ相談
当社製品の新規顧客開拓ができる営業担当募集
予算
見積り希望
応募者数
1
募集期限
あと 12 日 （3月13日まで）
ウベトシ
投稿日時：1日前
詳細を見る 
営業代行・テレアポ相談
中華料理店情報のデータ入力・更新業務スタッフ募集
予算
見積り希望
応募者数
4
募集期限
あと 5 日 （3月6日まで）
yamahira10311031
投稿日時：1日前
詳細を見る 
営業代行・テレアポ相談
自家焙煎コーヒー豆の法人顧客獲得戦略を担う方募集
予算
見積り希望
応募者数
2
募集期限
あと 4 日 （3月5日まで）
Futura合同会社
投稿日時：2日前
詳細を見る 
営業代行・テレアポ相談
Webマーケティング支援の新規顧客開拓担当者を募集します
予算
見積り希望
応募者数
0
募集期限
あと 11 日 （3月12日まで）
WebSprinter マーケター龍之介
投稿日時：2日前
詳細を見る 
営業代行・テレアポ相談
人材派遣サービスの新規顧客開拓を行う方を募集します
予算
10万円
〜
15万円
応募者数
0
募集期限
あと 10 日 （3月11日まで）
mitsuyoshida32
投稿日時：3日前
詳細を見る 
営業代行・テレアポ相談
新規顧客開拓と深耕営業ができる方を募集します
予算
見積り希望
応募者数
0
募集期限
あと 2 日 （3月3日まで）
AKI39a
投稿日時：12時間前
詳細を見る 
営業代行・テレアポ相談
当社製品の新規顧客開拓ができる営業担当募集
予算
見積り希望
応募者数
1
募集期限
あと 12 日 （3月13日まで）
ウベトシ
投稿日時：1日前
詳細を見る 
営業代行・テレアポ相談
中華料理店情報のデータ入力・更新業務スタッフ募集
予算
見積り希望
応募者数
4
募集期限
あと 5 日 （3月6日まで）
yamahira10311031
投稿日時：1日前
詳細を見る"
ココナラ,IT・プログラミング,分譲住宅・アパート用地の参考プラン・ボリュームプランの作成を募集します,"予算
5万円",,IT・プログラミング,,,https://coconala.com/requests/4868536,"ホーム
仕事を探す
単発の仕事を探す（すべて）
デザイン制作
建築・パース作成・インテリア
分譲住宅・アパート用地の参考プラン・ボリュームプランの作成を募集します
分譲住宅・アパート用地の参考プラン・ボリュームプランの作成を募集します
建築・パース作成・インテリア
予算
見積り希望
納品希望日
ご相談
募集期限
あと 4 日 と 13時間 締切日 2026年3月5日 / 掲載日 2026年3月1日
応募状況
応募人数 0
契約人数 0
閲覧数 4
依頼範囲
間取り図作成、簡単な立面及びファサード
用途
住宅
作成数
3点
希望イメージ
シンプル
複雑
単色
カラフル
気軽
フォーマル
女性的
男性的
納品ファイル形式
PDF
商用利用予定
未定・相談したい
著作権譲渡
未定・相談したい
募集内容
【業務内容】
・分譲住宅用地の購入検討にあたり、最適な参考プランの作成をお願い致します。
・新築アパート分譲用地の購入検討にあたり、最適且つ効率的なプラン作成をお願い致します。
・具体的な成果物として”参考プラン＋簡単な立面＋ファサード”の提案を希望致します。

【必須条件】
・建築設計、または不動産開発に関する基本的な知識をお持ちの方
・CADソフトを用いた図面作成経験、または学習経験をお持ちの方
・指示された内容を正確に理解し実行できる能力をお持ちの方
・基本的なPCスキル（Word, Excel, PowerPoint）と、チャット・ビデオ会議ツールを用いたコミュニケーションが可能な方

【歓迎条件】
・住宅設計の実務経験をお持ちの方
・宅地建物取引士の資格をお持ちの方
・建築士の資格をお持ちの方
・不動産市場のトレンド分析に興味をお持ちの方
添付ファイル
ー
参考URL
ー
求めるスキル
ー
特記事項
継続依頼ありスピード重視
応募者一覧
応募はまだありません
募集内容についての質問
質問と回答の履歴
質問はまだありません。不明なことがあれば質問してみましょう。
応募する
ブックマーク
募集者へ質問する
募集者情報
郵宣企画（住宅事業部）
発注実績
0
発注件数
0%
発注率
0%
取引完了率
認証状況
本人確認
 
機密保持契約(NDA)
 
この募集内容に似ている仕事
建築・パース作成・インテリア
新築マンションの建築パース作成ができる方を募集します
予算
見積り希望
応募者数
3
募集期限
あと 9 日 （3月10日まで）
Baby Baby YODA
投稿日時：14時間前
詳細を見る 
建築・パース作成・インテリア
分譲マンション再販リノベーション設計担当者を募集します
予算
5万円
〜
8万円
応募者数
1
募集期限
あと 3 日 （3月4日まで）
columbus team
投稿日時：2日前
詳細を見る 
建築・パース作成・インテリア
店舗建築の施工図作成を担当する方を募集します
予算
見積り希望
応募者数
0
募集期限
あと 10 日 （3月11日まで）
orignal matsuoka
投稿日時：3日前
詳細を見る 
建築・パース作成・インテリア
新築マンションの建築パース作成ができる方を募集します
予算
見積り希望
応募者数
3
募集期限
あと 9 日 （3月10日まで）
Baby Baby YODA
投稿日時：14時間前
詳細を見る 
建築・パース作成・インテリア
分譲マンション再販リノベーション設計担当者を募集します
予算
5万円
〜
8万円
応募者数
1
募集期限
あと 3 日 （3月4日まで）
columbus team
投稿日時：2日前
詳細を見る 
建築・パース作成・インテリア
店舗建築の施工図作成を担当する方を募集します
予算
見積り希望
応募者数
0
募集期限
あと 10 日 （3月11日まで）
orignal matsuoka
投稿日時：3日前
詳細を見る 
建築・パース作成・インテリア
新築マンションの建築パース作成ができる方を募集します
予算
見積り希望
応募者数
3
募集期限
あと 9 日 （3月10日まで）
Baby Baby YODA
投稿日時：14時間前
詳細を見る 
建築・パース作成・インテリア
分譲マンション再販リノベーション設計担当者を募集します
予算
5万円
〜
8万円
応募者数
1
募集期限
あと 3 日 （3月4日まで）
columbus team
投稿日時：2日前
詳細を見る 
建築・パース作成・インテリア
店舗建築の施工図作成を担当する方を募集します
予算
見積り希望
応募者数
0
募集期限
あと 10 日 （3月11日まで）
orignal matsuoka
投稿日時：3日前
詳細を見る"
ココナラ,IT・プログラミング,ネットワーク論理構成図作成できる方を募集します,"予算
1万円",,IT・プログラミング,,,https://coconala.com/requests/4868448,"ホーム
仕事を探す
単発の仕事を探す（すべて）
IT相談・システム開発
サーバー・インフラ構築代行
ネットワーク論理構成図作成できる方を募集します
ネットワーク論理構成図作成できる方を募集します
サーバー・インフラ構築代行
予算
1万円
〜
3万円
納品希望日
2026年3月13日
募集期限
あと 3 日 と 13時間 締切日 2026年3月4日 / 掲載日 2026年3月1日
応募状況
応募人数 3
契約人数 0
閲覧数 45
業種
IT・テクノロジー
プラットフォーム
AWS、オンプレミス
募集内容
【目的】
案件に関する論理構成図の作成を依頼したい

【現在の状況】
参画している案件内にて論理構成図の作成をお願いします。
下bb材物理構成図のみ完成しており、その構成図を基に論理構成図を作成いただきたいです。

以下、チームメンバーからの要望です。
・構成図を作る目的
→トラブルシュートやクラウドリフト時などで実務レベルでのネットワーク把握、設計を確認する為

・物理と論理の繋がりが見えないと実務レベルでのネットワーク設計などはできないので、完全に物理と論理を分けたような図は必要ない

・どの機器の、どのポートに、どのVLANが通っているのか
・どの機器に、どんなルーティングがあって、どこに向いているのか
→例えばBGPがつながっている先にどのようなNWがあるのかなどが分かれば良い

【必須条件】
・ネットワークの基本的な知識（TCP/IP、ルーティング、スイッチングなど）をお持ちの方
・drow.ioで作成できる方
・ネットワーク構成図の作成経験をお持ちの方

【歓迎条件】
・エンジニア歴が長い方

【そのほか】
・構成図作成に関する情報等は契約後お渡しします。
添付ファイル
ー
参考URL
ー
求めるスキル
ー
特記事項
経験者優遇品質重視
応募者一覧
応募者
応募日時
阿修羅ワークス
2026/03/01 09:32
daiki322
2026/03/01 09:44
FukuHikari
2026/03/01 09:53
募集内容についての質問
質問と回答の履歴
タカックサン
40分前
構成図作成に関する情報等は契約後にご提供とのことですが、物理構成図の他は、ネットワーク機器の設定シートがあるのでしょうか？
もしくは、機器のコンフィグ内容を読み解く必要はありますか？

OKAMOTO CREATE
36分前
ご質問ありがとうございます。
機器のコンフィグ内容から読み解いてもらう形となります。
応募する
ブックマーク
募集者へ質問する
募集者情報
OKAMOTO CREATE
 5.0 （4）
発注実績
1
発注件数
25%
発注率
100%
取引完了率
認証状況
本人確認
 
機密保持契約(NDA)
 
この募集内容に似ている仕事
似ている仕事はまだありません。
同じカテゴリからも探してみましょう。"
ココナラ,IT・プログラミング,曲線カットライン作成のご依頼（ラベルデザイン）,"予算
1万円",,IT・プログラミング,,,https://coconala.com/requests/4868356,"ホーム
仕事を探す
単発の仕事を探す（すべて）
デザイン制作
パッケージデザイン・ラベル作成
曲線カットライン作成のご依頼（ラベルデザイン）
曲線カットライン作成のご依頼（ラベルデザイン）
パッケージデザイン・ラベル作成
予算
見積り希望
納品希望日
2026年3月9日
募集期限
あと 3 日 と 13時間 締切日 2026年3月4日 / 掲載日 2026年3月1日
応募状況
応募人数 3
契約人数 0
閲覧数 37
業種
小売
サイズ
120mm（横）×100mm（縦）
ターゲット像
年代
ー
性別
ー
色イメージ
ー
希望イメージ
シンプル
複雑
単色
カラフル
気軽
フォーマル
女性的
男性的
納品ファイル形式
AI
商用利用予定
あり
著作権譲渡
希望あり
募集内容
はじめまして。
商品ラベルのカットライン作成をお願いしたく、ご相談です。

■依頼内容
既存のラベルデザイン（Illustratorデータあり）に対して、
参考画像①のような「曲線カットライン」を作成していただきたいです。

現在のデザインは画像②のような長方形ベースですが、
これを①のような曲線バランスに調整し、
最終的な仕上がりイメージは画像③のような形にしたいと考えております。

※デザインデータ（元ラフ）はIllustrator形式（ai）で支給可能です。

■作業内容イメージ
・既存デザインに合わせた自然な曲線カットラインの設計
・全体バランスを見ながらの微調整
・印刷入稿用のカットラインデータ作成（別レイヤー配置希望）

■希望仕様
・カットラインはパスデータで作成
・レイヤー分け（例：カットライン専用レイヤー）
・印刷会社へそのまま入稿可能な形式
・必要に応じて塗り足しも考慮いただけると助かります

■納品形式
・aiデータ（アウトライン前データ）
・確認用PDF

■備考
実物イメージは③のような仕上がりですが、
①の曲線バランスを参考に、より洗練された形に整えていただける方を希望しております。

ご対応可能かどうか、
またお見積り・納期目安もあわせてご提示いただけますと幸いです。

どうぞよろしくお願いいたします。
添付ファイル
 ②にがりPKデザインベース.jpg
 ①カットライン参考イメージ.jpg
 ③仕上がりイメージ.jpeg
参考URL
ー
求めるスキル
ー
特記事項
ー
応募者一覧
応募者
応募日時
松尾 真希
2026/03/01 08:47
はすれん
2026/03/01 08:56
saki_o_design
2026/03/01 10:32
募集内容についての質問
質問と回答の履歴
質問はまだありません。不明なことがあれば質問してみましょう。
応募する
ブックマーク
募集者へ質問する
募集者情報
こじ＠総合ビジネスコンサルタント
 5.0 （11）
発注実績
0
発注件数
0%
発注率
0%
取引完了率
認証状況
本人確認
 
機密保持契約(NDA)
 
この募集内容に似ている仕事
パッケージデザイン・ラベル作成
Amazon商品のパッケージデザイン制作を担当する方を募集します
予算
1万円
〜
3万円
応募者数
27
募集期限
あと 2 日 （3月3日まで）
norm_standard
投稿日時：11日前
詳細を見る 
パッケージデザイン・ラベル作成
Amazon商品のパッケージデザイン制作を担当する方を募集します
予算
1万円
〜
3万円
応募者数
27
募集期限
あと 2 日 （3月3日まで）
norm_standard
投稿日時：11日前
詳細を見る 
パッケージデザイン・ラベル作成
Amazon商品のパッケージデザイン制作を担当する方を募集します
予算
1万円
〜
3万円
応募者数
27
募集期限
あと 2 日 （3月3日まで）
norm_standard
投稿日時：11日前
詳細を見る"
ココナラ,IT・プログラミング,記念撮影をしてくれるフォトグラファーの募集,"予算
1万円",,IT・プログラミング,,,https://coconala.com/requests/4868276,"ホーム
仕事を探す
単発の仕事を探す（すべて）
動画編集・映像制作
写真撮影・素材提供
記念撮影をしてくれるフォトグラファーの募集
記念撮影をしてくれるフォトグラファーの募集
写真撮影・素材提供
予算
見積り希望
納品希望日
2026年3月31日
募集期限
あと 5 日 と 13時間 締切日 2026年3月6日 / 掲載日 2026年3月1日
応募状況
応募人数 0
契約人数 0
閲覧数 29
枚数
未定
納品ファイル形式
未定・相談したい
商用利用予定
なし
二次利用予定
未定・相談したい
募集内容
【 募集詳細 】
袴姿の記念撮影&軽いレタッチ作業をして撮影データを納品して頂きたいです
撮影には慣れていない為ポーズ等誘導してもらいたいです

【 場所、時間 】
東京都千代田区(依頼する方が決まり次第レンタルスペースを予約予定)
３月15日日曜日　8時〜11時、14時以降で1時間〜1.5時間程

【 応募条件 】
カメラに慣れている方
女性の方(レンタルスペースで撮影予定なので同性の方にお願いしたい為)

【 応募時のお願い 】
過去の実績を簡易的にご提示ください。

ご質問がありましたら、気軽にお問い合わせください。
応募をお待ちしております！
添付ファイル
ー
参考URL
ー
求めるスキル
ー
特記事項
初心者OK
応募者一覧
応募はまだありません
募集内容についての質問
質問と回答の履歴
質問はまだありません。不明なことがあれば質問してみましょう。
応募する
ブックマーク
募集者へ質問する
募集者情報
ぷいた
発注実績
0
発注件数
0%
発注率
0%
取引完了率
認証状況
本人確認
 
機密保持契約(NDA)
 
この募集内容に似ている仕事
写真撮影・素材提供
インスタ用　兜の物撮り撮影の依頼
予算
1万円
〜
3万円
応募者数
4
募集期限
あと 1 日 （3月2日まで）
Okada Akinori
投稿日時：8日前
詳細を見る 
写真撮影・素材提供
インスタ用　兜の物撮り撮影の依頼
予算
1万円
〜
3万円
応募者数
4
募集期限
あと 1 日 （3月2日まで）
Okada Akinori
投稿日時：8日前
詳細を見る 
写真撮影・素材提供
インスタ用　兜の物撮り撮影の依頼
予算
1万円
〜
3万円
応募者数
4
募集期限
あと 1 日 （3月2日まで）
Okada Akinori
投稿日時：8日前
詳細を見る"
ココナラ,マーケティング・Web集客,街頭でのチラシ配布代行(1時間1700円),"予算
10万円",,マーケティング・Web集客,,,https://coconala.com/requests/4868553,"ホーム
仕事を探す
単発の仕事を探す（すべて）
ビジネス代行・事務代行
営業代行・テレアポ相談
街頭でのチラシ配布代行(1時間1700円)
街頭でのチラシ配布代行(1時間1700円)
営業代行・テレアポ相談
予算
5千円
〜
1万円
納品希望日
ご相談
募集期限
あと 14 日 と 13時間 締切日 2026年3月15日 / 掲載日 2026年3月1日
応募状況
応募人数 0
契約人数 0
閲覧数 1
業種
小売・飲食・生活
依頼範囲
営業代行（一括）
募集内容
募集内容
・内容：楽天市場の店舗の知名度を上げるため、街頭でチラシ配布を行なって頂きます。

希望勤務地にて勤務可能です！
交通費別途支給されます！

研修時間：3時間
5100円で応募ください。

【 重視する点・経験 】
・チラシ配布業務の経験、実績(未経験者歓迎！)

【 応募時のお願い 】
過去の実績を簡易的にご提示ください。

ご質問がありましたら、気軽にお問い合わせください。
応募をお待ちしております！
添付ファイル
ー
参考URL
ー
求めるスキル
ー
特記事項
継続依頼あり
応募者一覧
応募はまだありません
募集内容についての質問
質問と回答の履歴
質問はまだありません。不明なことがあれば質問してみましょう。
応募する
ブックマーク
募集者へ質問する
募集者情報
kamizoku
発注実績
0
発注件数
0%
発注率
0%
取引完了率
認証状況
本人確認
 
機密保持契約(NDA)
 
この募集内容に似ている仕事
営業代行・テレアポ相談
自家焙煎コーヒー豆の法人顧客獲得戦略を担う方募集
予算
見積り希望
応募者数
2
募集期限
あと 4 日 （3月5日まで）
Futura合同会社
投稿日時：2日前
詳細を見る 
営業代行・テレアポ相談
Webマーケティング支援の新規顧客開拓担当者を募集します
予算
見積り希望
応募者数
0
募集期限
あと 11 日 （3月12日まで）
WebSprinter マーケター龍之介
投稿日時：2日前
詳細を見る 
営業代行・テレアポ相談
人材派遣サービスの新規顧客開拓を行う方を募集します
予算
10万円
〜
15万円
応募者数
0
募集期限
あと 10 日 （3月11日まで）
mitsuyoshida32
投稿日時：3日前
詳細を見る 
営業代行・テレアポ相談
新規顧客開拓と深耕営業ができる方を募集します
予算
見積り希望
応募者数
0
募集期限
あと 2 日 （3月3日まで）
AKI39a
投稿日時：12時間前
詳細を見る 
営業代行・テレアポ相談
当社製品の新規顧客開拓ができる営業担当募集
予算
見積り希望
応募者数
1
募集期限
あと 12 日 （3月13日まで）
ウベトシ
投稿日時：1日前
詳細を見る 
営業代行・テレアポ相談
中華料理店情報のデータ入力・更新業務スタッフ募集
予算
見積り希望
応募者数
4
募集期限
あと 5 日 （3月6日まで）
yamahira10311031
投稿日時：1日前
詳細を見る 
営業代行・テレアポ相談
自家焙煎コーヒー豆の法人顧客獲得戦略を担う方募集
予算
見積り希望
応募者数
2
募集期限
あと 4 日 （3月5日まで）
Futura合同会社
投稿日時：2日前
詳細を見る 
営業代行・テレアポ相談
Webマーケティング支援の新規顧客開拓担当者を募集します
予算
見積り希望
応募者数
0
募集期限
あと 11 日 （3月12日まで）
WebSprinter マーケター龍之介
投稿日時：2日前
詳細を見る 
営業代行・テレアポ相談
人材派遣サービスの新規顧客開拓を行う方を募集します
予算
10万円
〜
15万円
応募者数
0
募集期限
あと 10 日 （3月11日まで）
mitsuyoshida32
投稿日時：3日前
詳細を見る 
営業代行・テレアポ相談
新規顧客開拓と深耕営業ができる方を募集します
予算
見積り希望
応募者数
0
募集期限
あと 2 日 （3月3日まで）
AKI39a
投稿日時：12時間前
詳細を見る 
営業代行・テレアポ相談
当社製品の新規顧客開拓ができる営業担当募集
予算
見積り希望
応募者数
1
募集期限
あと 12 日 （3月13日まで）
ウベトシ
投稿日時：1日前
詳細を見る 
営業代行・テレアポ相談
中華料理店情報のデータ入力・更新業務スタッフ募集
予算
見積り希望
応募者数
4
募集期限
あと 5 日 （3月6日まで）
yamahira10311031
投稿日時：1日前
詳細を見る"
ココナラ,マーケティング・Web集客,分譲住宅・アパート用地の参考プラン・ボリュームプランの作成を募集します,"予算
5万円",,マーケティング・Web集客,,,https://coconala.com/requests/4868536,"ホーム
仕事を探す
単発の仕事を探す（すべて）
デザイン制作
建築・パース作成・インテリア
分譲住宅・アパート用地の参考プラン・ボリュームプランの作成を募集します
分譲住宅・アパート用地の参考プラン・ボリュームプランの作成を募集します
建築・パース作成・インテリア
予算
見積り希望
納品希望日
ご相談
募集期限
あと 4 日 と 13時間 締切日 2026年3月5日 / 掲載日 2026年3月1日
応募状況
応募人数 0
契約人数 0
閲覧数 4
依頼範囲
間取り図作成、簡単な立面及びファサード
用途
住宅
作成数
3点
希望イメージ
シンプル
複雑
単色
カラフル
気軽
フォーマル
女性的
男性的
納品ファイル形式
PDF
商用利用予定
未定・相談したい
著作権譲渡
未定・相談したい
募集内容
【業務内容】
・分譲住宅用地の購入検討にあたり、最適な参考プランの作成をお願い致します。
・新築アパート分譲用地の購入検討にあたり、最適且つ効率的なプラン作成をお願い致します。
・具体的な成果物として”参考プラン＋簡単な立面＋ファサード”の提案を希望致します。

【必須条件】
・建築設計、または不動産開発に関する基本的な知識をお持ちの方
・CADソフトを用いた図面作成経験、または学習経験をお持ちの方
・指示された内容を正確に理解し実行できる能力をお持ちの方
・基本的なPCスキル（Word, Excel, PowerPoint）と、チャット・ビデオ会議ツールを用いたコミュニケーションが可能な方

【歓迎条件】
・住宅設計の実務経験をお持ちの方
・宅地建物取引士の資格をお持ちの方
・建築士の資格をお持ちの方
・不動産市場のトレンド分析に興味をお持ちの方
添付ファイル
ー
参考URL
ー
求めるスキル
ー
特記事項
継続依頼ありスピード重視
応募者一覧
応募はまだありません
募集内容についての質問
質問と回答の履歴
質問はまだありません。不明なことがあれば質問してみましょう。
応募する
ブックマーク
募集者へ質問する
募集者情報
郵宣企画（住宅事業部）
発注実績
0
発注件数
0%
発注率
0%
取引完了率
認証状況
本人確認
 
機密保持契約(NDA)
 
この募集内容に似ている仕事
建築・パース作成・インテリア
新築マンションの建築パース作成ができる方を募集します
予算
見積り希望
応募者数
3
募集期限
あと 9 日 （3月10日まで）
Baby Baby YODA
投稿日時：14時間前
詳細を見る 
建築・パース作成・インテリア
分譲マンション再販リノベーション設計担当者を募集します
予算
5万円
〜
8万円
応募者数
1
募集期限
あと 3 日 （3月4日まで）
columbus team
投稿日時：2日前
詳細を見る 
建築・パース作成・インテリア
店舗建築の施工図作成を担当する方を募集します
予算
見積り希望
応募者数
0
募集期限
あと 10 日 （3月11日まで）
orignal matsuoka
投稿日時：3日前
詳細を見る 
建築・パース作成・インテリア
新築マンションの建築パース作成ができる方を募集します
予算
見積り希望
応募者数
3
募集期限
あと 9 日 （3月10日まで）
Baby Baby YODA
投稿日時：14時間前
詳細を見る 
建築・パース作成・インテリア
分譲マンション再販リノベーション設計担当者を募集します
予算
5万円
〜
8万円
応募者数
1
募集期限
あと 3 日 （3月4日まで）
columbus team
投稿日時：2日前
詳細を見る 
建築・パース作成・インテリア
店舗建築の施工図作成を担当する方を募集します
予算
見積り希望
応募者数
0
募集期限
あと 10 日 （3月11日まで）
orignal matsuoka
投稿日時：3日前
詳細を見る 
建築・パース作成・インテリア
新築マンションの建築パース作成ができる方を募集します
予算
見積り希望
応募者数
3
募集期限
あと 9 日 （3月10日まで）
Baby Baby YODA
投稿日時：14時間前
詳細を見る 
建築・パース作成・インテリア
分譲マンション再販リノベーション設計担当者を募集します
予算
5万円
〜
8万円
応募者数
1
募集期限
あと 3 日 （3月4日まで）
columbus team
投稿日時：2日前
詳細を見る 
建築・パース作成・インテリア
店舗建築の施工図作成を担当する方を募集します
予算
見積り希望
応募者数
0
募集期限
あと 10 日 （3月11日まで）
orignal matsuoka
投稿日時：3日前
詳細を見る"
ココナラ,マーケティング・Web集客,ネットワーク論理構成図作成できる方を募集します,"予算
1万円",,マーケティング・Web集客,,,https://coconala.com/requests/4868448,"ホーム
仕事を探す
単発の仕事を探す（すべて）
IT相談・システム開発
サーバー・インフラ構築代行
ネットワーク論理構成図作成できる方を募集します
ネットワーク論理構成図作成できる方を募集します
サーバー・インフラ構築代行
予算
1万円
〜
3万円
納品希望日
2026年3月13日
募集期限
あと 3 日 と 13時間 締切日 2026年3月4日 / 掲載日 2026年3月1日
応募状況
応募人数 3
契約人数 0
閲覧数 45
業種
IT・テクノロジー
プラットフォーム
AWS、オンプレミス
募集内容
【目的】
案件に関する論理構成図の作成を依頼したい

【現在の状況】
参画している案件内にて論理構成図の作成をお願いします。
下bb材物理構成図のみ完成しており、その構成図を基に論理構成図を作成いただきたいです。

以下、チームメンバーからの要望です。
・構成図を作る目的
→トラブルシュートやクラウドリフト時などで実務レベルでのネットワーク把握、設計を確認する為

・物理と論理の繋がりが見えないと実務レベルでのネットワーク設計などはできないので、完全に物理と論理を分けたような図は必要ない

・どの機器の、どのポートに、どのVLANが通っているのか
・どの機器に、どんなルーティングがあって、どこに向いているのか
→例えばBGPがつながっている先にどのようなNWがあるのかなどが分かれば良い

【必須条件】
・ネットワークの基本的な知識（TCP/IP、ルーティング、スイッチングなど）をお持ちの方
・drow.ioで作成できる方
・ネットワーク構成図の作成経験をお持ちの方

【歓迎条件】
・エンジニア歴が長い方

【そのほか】
・構成図作成に関する情報等は契約後お渡しします。
添付ファイル
ー
参考URL
ー
求めるスキル
ー
特記事項
経験者優遇品質重視
応募者一覧
応募者
応募日時
阿修羅ワークス
2026/03/01 09:32
daiki322
2026/03/01 09:44
FukuHikari
2026/03/01 09:53
募集内容についての質問
質問と回答の履歴
タカックサン
40分前
構成図作成に関する情報等は契約後にご提供とのことですが、物理構成図の他は、ネットワーク機器の設定シートがあるのでしょうか？
もしくは、機器のコンフィグ内容を読み解く必要はありますか？

OKAMOTO CREATE
36分前
ご質問ありがとうございます。
機器のコンフィグ内容から読み解いてもらう形となります。
応募する
ブックマーク
募集者へ質問する
募集者情報
OKAMOTO CREATE
 5.0 （4）
発注実績
1
発注件数
25%
発注率
100%
取引完了率
認証状況
本人確認
 
機密保持契約(NDA)
 
この募集内容に似ている仕事
似ている仕事はまだありません。
同じカテゴリからも探してみましょう。"
ココナラ,マーケティング・Web集客,曲線カットライン作成のご依頼（ラベルデザイン）,"予算
1万円",,マーケティング・Web集客,,,https://coconala.com/requests/4868356,"ホーム
仕事を探す
単発の仕事を探す（すべて）
デザイン制作
パッケージデザイン・ラベル作成
曲線カットライン作成のご依頼（ラベルデザイン）
曲線カットライン作成のご依頼（ラベルデザイン）
パッケージデザイン・ラベル作成
予算
見積り希望
納品希望日
2026年3月9日
募集期限
あと 3 日 と 13時間 締切日 2026年3月4日 / 掲載日 2026年3月1日
応募状況
応募人数 3
契約人数 0
閲覧数 37
業種
小売
サイズ
120mm（横）×100mm（縦）
ターゲット像
年代
ー
性別
ー
色イメージ
ー
希望イメージ
シンプル
複雑
単色
カラフル
気軽
フォーマル
女性的
男性的
納品ファイル形式
AI
商用利用予定
あり
著作権譲渡
希望あり
募集内容
はじめまして。
商品ラベルのカットライン作成をお願いしたく、ご相談です。

■依頼内容
既存のラベルデザイン（Illustratorデータあり）に対して、
参考画像①のような「曲線カットライン」を作成していただきたいです。

現在のデザインは画像②のような長方形ベースですが、
これを①のような曲線バランスに調整し、
最終的な仕上がりイメージは画像③のような形にしたいと考えております。

※デザインデータ（元ラフ）はIllustrator形式（ai）で支給可能です。

■作業内容イメージ
・既存デザインに合わせた自然な曲線カットラインの設計
・全体バランスを見ながらの微調整
・印刷入稿用のカットラインデータ作成（別レイヤー配置希望）

■希望仕様
・カットラインはパスデータで作成
・レイヤー分け（例：カットライン専用レイヤー）
・印刷会社へそのまま入稿可能な形式
・必要に応じて塗り足しも考慮いただけると助かります

■納品形式
・aiデータ（アウトライン前データ）
・確認用PDF

■備考
実物イメージは③のような仕上がりですが、
①の曲線バランスを参考に、より洗練された形に整えていただける方を希望しております。

ご対応可能かどうか、
またお見積り・納期目安もあわせてご提示いただけますと幸いです。

どうぞよろしくお願いいたします。
添付ファイル
 ②にがりPKデザインベース.jpg
 ①カットライン参考イメージ.jpg
 ③仕上がりイメージ.jpeg
参考URL
ー
求めるスキル
ー
特記事項
ー
応募者一覧
応募者
応募日時
松尾 真希
2026/03/01 08:47
はすれん
2026/03/01 08:56
saki_o_design
2026/03/01 10:32
募集内容についての質問
質問と回答の履歴
質問はまだありません。不明なことがあれば質問してみましょう。
応募する
ブックマーク
募集者へ質問する
募集者情報
こじ＠総合ビジネスコンサルタント
 5.0 （11）
発注実績
0
発注件数
0%
発注率
0%
取引完了率
認証状況
本人確認
 
機密保持契約(NDA)
 
この募集内容に似ている仕事
パッケージデザイン・ラベル作成
Amazon商品のパッケージデザイン制作を担当する方を募集します
予算
1万円
〜
3万円
応募者数
27
募集期限
あと 2 日 （3月3日まで）
norm_standard
投稿日時：11日前
詳細を見る 
パッケージデザイン・ラベル作成
Amazon商品のパッケージデザイン制作を担当する方を募集します
予算
1万円
〜
3万円
応募者数
27
募集期限
あと 2 日 （3月3日まで）
norm_standard
投稿日時：11日前
詳細を見る 
パッケージデザイン・ラベル作成
Amazon商品のパッケージデザイン制作を担当する方を募集します
予算
1万円
〜
3万円
応募者数
27
募集期限
あと 2 日 （3月3日まで）
norm_standard
投稿日時：11日前
詳細を見る"
ココナラ,マーケティング・Web集客,記念撮影をしてくれるフォトグラファーの募集,"予算
1万円",,マーケティング・Web集客,,,https://coconala.com/requests/4868276,"ホーム
仕事を探す
単発の仕事を探す（すべて）
動画編集・映像制作
写真撮影・素材提供
記念撮影をしてくれるフォトグラファーの募集
記念撮影をしてくれるフォトグラファーの募集
写真撮影・素材提供
予算
見積り希望
納品希望日
2026年3月31日
募集期限
あと 5 日 と 13時間 締切日 2026年3月6日 / 掲載日 2026年3月1日
応募状況
応募人数 0
契約人数 0
閲覧数 29
枚数
未定
納品ファイル形式
未定・相談したい
商用利用予定
なし
二次利用予定
未定・相談したい
募集内容
【 募集詳細 】
袴姿の記念撮影&軽いレタッチ作業をして撮影データを納品して頂きたいです
撮影には慣れていない為ポーズ等誘導してもらいたいです

【 場所、時間 】
東京都千代田区(依頼する方が決まり次第レンタルスペースを予約予定)
３月15日日曜日　8時〜11時、14時以降で1時間〜1.5時間程

【 応募条件 】
カメラに慣れている方
女性の方(レンタルスペースで撮影予定なので同性の方にお願いしたい為)

【 応募時のお願い 】
過去の実績を簡易的にご提示ください。

ご質問がありましたら、気軽にお問い合わせください。
応募をお待ちしております！
添付ファイル
ー
参考URL
ー
求めるスキル
ー
特記事項
初心者OK
応募者一覧
応募はまだありません
募集内容についての質問
質問と回答の履歴
質問はまだありません。不明なことがあれば質問してみましょう。
応募する
ブックマーク
募集者へ質問する
募集者情報
ぷいた
発注実績
0
発注件数
0%
発注率
0%
取引完了率
認証状況
本人確認
 
機密保持契約(NDA)
 
この募集内容に似ている仕事
写真撮影・素材提供
インスタ用　兜の物撮り撮影の依頼
予算
1万円
〜
3万円
応募者数
4
募集期限
あと 1 日 （3月2日まで）
Okada Akinori
投稿日時：8日前
詳細を見る 
写真撮影・素材提供
インスタ用　兜の物撮り撮影の依頼
予算
1万円
〜
3万円
応募者数
4
募集期限
あと 1 日 （3月2日まで）
Okada Akinori
投稿日時：8日前
詳細を見る 
写真撮影・素材提供
インスタ用　兜の物撮り撮影の依頼
予算
1万円
〜
3万円
応募者数
4
募集期限
あと 1 日 （3月2日まで）
Okada Akinori
投稿日時：8日前
詳細を見る"
ココナラ,ライティング・翻訳,街頭でのチラシ配布代行(1時間1700円),"予算
10万円",,ライティング・翻訳,,,https://coconala.com/requests/4868553,"ホーム
仕事を探す
単発の仕事を探す（すべて）
ビジネス代行・事務代行
営業代行・テレアポ相談
街頭でのチラシ配布代行(1時間1700円)
街頭でのチラシ配布代行(1時間1700円)
営業代行・テレアポ相談
予算
5千円
〜
1万円
納品希望日
ご相談
募集期限
あと 14 日 と 13時間 締切日 2026年3月15日 / 掲載日 2026年3月1日
応募状況
応募人数 0
契約人数 0
閲覧数 1
業種
小売・飲食・生活
依頼範囲
営業代行（一括）
募集内容
募集内容
・内容：楽天市場の店舗の知名度を上げるため、街頭でチラシ配布を行なって頂きます。

希望勤務地にて勤務可能です！
交通費別途支給されます！

研修時間：3時間
5100円で応募ください。

【 重視する点・経験 】
・チラシ配布業務の経験、実績(未経験者歓迎！)

【 応募時のお願い 】
過去の実績を簡易的にご提示ください。

ご質問がありましたら、気軽にお問い合わせください。
応募をお待ちしております！
添付ファイル
ー
参考URL
ー
求めるスキル
ー
特記事項
継続依頼あり
応募者一覧
応募はまだありません
募集内容についての質問
質問と回答の履歴
質問はまだありません。不明なことがあれば質問してみましょう。
応募する
ブックマーク
募集者へ質問する
募集者情報
kamizoku
発注実績
0
発注件数
0%
発注率
0%
取引完了率
認証状況
本人確認
 
機密保持契約(NDA)
 
この募集内容に似ている仕事
営業代行・テレアポ相談
自家焙煎コーヒー豆の法人顧客獲得戦略を担う方募集
予算
見積り希望
応募者数
2
募集期限
あと 4 日 （3月5日まで）
Futura合同会社
投稿日時：2日前
詳細を見る 
営業代行・テレアポ相談
Webマーケティング支援の新規顧客開拓担当者を募集します
予算
見積り希望
応募者数
0
募集期限
あと 11 日 （3月12日まで）
WebSprinter マーケター龍之介
投稿日時：2日前
詳細を見る 
営業代行・テレアポ相談
人材派遣サービスの新規顧客開拓を行う方を募集します
予算
10万円
〜
15万円
応募者数
0
募集期限
あと 10 日 （3月11日まで）
mitsuyoshida32
投稿日時：3日前
詳細を見る 
営業代行・テレアポ相談
新規顧客開拓と深耕営業ができる方を募集します
予算
見積り希望
応募者数
0
募集期限
あと 2 日 （3月3日まで）
AKI39a
投稿日時：12時間前
詳細を見る 
営業代行・テレアポ相談
当社製品の新規顧客開拓ができる営業担当募集
予算
見積り希望
応募者数
1
募集期限
あと 12 日 （3月13日まで）
ウベトシ
投稿日時：1日前
詳細を見る 
営業代行・テレアポ相談
中華料理店情報のデータ入力・更新業務スタッフ募集
予算
見積り希望
応募者数
4
募集期限
あと 5 日 （3月6日まで）
yamahira10311031
投稿日時：1日前
詳細を見る 
営業代行・テレアポ相談
自家焙煎コーヒー豆の法人顧客獲得戦略を担う方募集
予算
見積り希望
応募者数
2
募集期限
あと 4 日 （3月5日まで）
Futura合同会社
投稿日時：2日前
詳細を見る 
営業代行・テレアポ相談
Webマーケティング支援の新規顧客開拓担当者を募集します
予算
見積り希望
応募者数
0
募集期限
あと 11 日 （3月12日まで）
WebSprinter マーケター龍之介
投稿日時：2日前
詳細を見る 
営業代行・テレアポ相談
人材派遣サービスの新規顧客開拓を行う方を募集します
予算
10万円
〜
15万円
応募者数
0
募集期限
あと 10 日 （3月11日まで）
mitsuyoshida32
投稿日時：3日前
詳細を見る 
営業代行・テレアポ相談
新規顧客開拓と深耕営業ができる方を募集します
予算
見積り希望
応募者数
0
募集期限
あと 2 日 （3月3日まで）
AKI39a
投稿日時：12時間前
詳細を見る 
営業代行・テレアポ相談
当社製品の新規顧客開拓ができる営業担当募集
予算
見積り希望
応募者数
1
募集期限
あと 12 日 （3月13日まで）
ウベトシ
投稿日時：1日前
詳細を見る 
営業代行・テレアポ相談
中華料理店情報のデータ入力・更新業務スタッフ募集
予算
見積り希望
応募者数
4
募集期限
あと 5 日 （3月6日まで）
yamahira10311031
投稿日時：1日前
詳細を見る"
ココナラ,ライティング・翻訳,分譲住宅・アパート用地の参考プラン・ボリュームプランの作成を募集します,"予算
5万円",,ライティング・翻訳,,,https://coconala.com/requests/4868536,"ホーム
仕事を探す
単発の仕事を探す（すべて）
デザイン制作
建築・パース作成・インテリア
分譲住宅・アパート用地の参考プラン・ボリュームプランの作成を募集します
分譲住宅・アパート用地の参考プラン・ボリュームプランの作成を募集します
建築・パース作成・インテリア
予算
見積り希望
納品希望日
ご相談
募集期限
あと 4 日 と 13時間 締切日 2026年3月5日 / 掲載日 2026年3月1日
応募状況
応募人数 0
契約人数 0
閲覧数 4
依頼範囲
間取り図作成、簡単な立面及びファサード
用途
住宅
作成数
3点
希望イメージ
シンプル
複雑
単色
カラフル
気軽
フォーマル
女性的
男性的
納品ファイル形式
PDF
商用利用予定
未定・相談したい
著作権譲渡
未定・相談したい
募集内容
【業務内容】
・分譲住宅用地の購入検討にあたり、最適な参考プランの作成をお願い致します。
・新築アパート分譲用地の購入検討にあたり、最適且つ効率的なプラン作成をお願い致します。
・具体的な成果物として”参考プラン＋簡単な立面＋ファサード”の提案を希望致します。

【必須条件】
・建築設計、または不動産開発に関する基本的な知識をお持ちの方
・CADソフトを用いた図面作成経験、または学習経験をお持ちの方
・指示された内容を正確に理解し実行できる能力をお持ちの方
・基本的なPCスキル（Word, Excel, PowerPoint）と、チャット・ビデオ会議ツールを用いたコミュニケーションが可能な方

【歓迎条件】
・住宅設計の実務経験をお持ちの方
・宅地建物取引士の資格をお持ちの方
・建築士の資格をお持ちの方
・不動産市場のトレンド分析に興味をお持ちの方
添付ファイル
ー
参考URL
ー
求めるスキル
ー
特記事項
継続依頼ありスピード重視
応募者一覧
応募はまだありません
募集内容についての質問
質問と回答の履歴
質問はまだありません。不明なことがあれば質問してみましょう。
応募する
ブックマーク
募集者へ質問する
募集者情報
郵宣企画（住宅事業部）
発注実績
0
発注件数
0%
発注率
0%
取引完了率
認証状況
本人確認
 
機密保持契約(NDA)
 
この募集内容に似ている仕事
建築・パース作成・インテリア
新築マンションの建築パース作成ができる方を募集します
予算
見積り希望
応募者数
3
募集期限
あと 9 日 （3月10日まで）
Baby Baby YODA
投稿日時：14時間前
詳細を見る 
建築・パース作成・インテリア
分譲マンション再販リノベーション設計担当者を募集します
予算
5万円
〜
8万円
応募者数
1
募集期限
あと 3 日 （3月4日まで）
columbus team
投稿日時：2日前
詳細を見る 
建築・パース作成・インテリア
店舗建築の施工図作成を担当する方を募集します
予算
見積り希望
応募者数
0
募集期限
あと 10 日 （3月11日まで）
orignal matsuoka
投稿日時：3日前
詳細を見る 
建築・パース作成・インテリア
新築マンションの建築パース作成ができる方を募集します
予算
見積り希望
応募者数
3
募集期限
あと 9 日 （3月10日まで）
Baby Baby YODA
投稿日時：14時間前
詳細を見る 
建築・パース作成・インテリア
分譲マンション再販リノベーション設計担当者を募集します
予算
5万円
〜
8万円
応募者数
1
募集期限
あと 3 日 （3月4日まで）
columbus team
投稿日時：2日前
詳細を見る 
建築・パース作成・インテリア
店舗建築の施工図作成を担当する方を募集します
予算
見積り希望
応募者数
0
募集期限
あと 10 日 （3月11日まで）
orignal matsuoka
投稿日時：3日前
詳細を見る 
建築・パース作成・インテリア
新築マンションの建築パース作成ができる方を募集します
予算
見積り希望
応募者数
3
募集期限
あと 9 日 （3月10日まで）
Baby Baby YODA
投稿日時：14時間前
詳細を見る 
建築・パース作成・インテリア
分譲マンション再販リノベーション設計担当者を募集します
予算
5万円
〜
8万円
応募者数
1
募集期限
あと 3 日 （3月4日まで）
columbus team
投稿日時：2日前
詳細を見る 
建築・パース作成・インテリア
店舗建築の施工図作成を担当する方を募集します
予算
見積り希望
応募者数
0
募集期限
あと 10 日 （3月11日まで）
orignal matsuoka
投稿日時：3日前
詳細を見る"
ココナラ,ライティング・翻訳,ネットワーク論理構成図作成できる方を募集します,"予算
1万円",,ライティング・翻訳,,,https://coconala.com/requests/4868448,"ホーム
仕事を探す
単発の仕事を探す（すべて）
IT相談・システム開発
サーバー・インフラ構築代行
ネットワーク論理構成図作成できる方を募集します
ネットワーク論理構成図作成できる方を募集します
サーバー・インフラ構築代行
予算
1万円
〜
3万円
納品希望日
2026年3月13日
募集期限
あと 3 日 と 13時間 締切日 2026年3月4日 / 掲載日 2026年3月1日
応募状況
応募人数 3
契約人数 0
閲覧数 45
業種
IT・テクノロジー
プラットフォーム
AWS、オンプレミス
募集内容
【目的】
案件に関する論理構成図の作成を依頼したい

【現在の状況】
参画している案件内にて論理構成図の作成をお願いします。
下bb材物理構成図のみ完成しており、その構成図を基に論理構成図を作成いただきたいです。

以下、チームメンバーからの要望です。
・構成図を作る目的
→トラブルシュートやクラウドリフト時などで実務レベルでのネットワーク把握、設計を確認する為

・物理と論理の繋がりが見えないと実務レベルでのネットワーク設計などはできないので、完全に物理と論理を分けたような図は必要ない

・どの機器の、どのポートに、どのVLANが通っているのか
・どの機器に、どんなルーティングがあって、どこに向いているのか
→例えばBGPがつながっている先にどのようなNWがあるのかなどが分かれば良い

【必須条件】
・ネットワークの基本的な知識（TCP/IP、ルーティング、スイッチングなど）をお持ちの方
・drow.ioで作成できる方
・ネットワーク構成図の作成経験をお持ちの方

【歓迎条件】
・エンジニア歴が長い方

【そのほか】
・構成図作成に関する情報等は契約後お渡しします。
添付ファイル
ー
参考URL
ー
求めるスキル
ー
特記事項
経験者優遇品質重視
応募者一覧
応募者
応募日時
阿修羅ワークス
2026/03/01 09:32
daiki322
2026/03/01 09:44
FukuHikari
2026/03/01 09:53
募集内容についての質問
質問と回答の履歴
タカックサン
41分前
構成図作成に関する情報等は契約後にご提供とのことですが、物理構成図の他は、ネットワーク機器の設定シートがあるのでしょうか？
もしくは、機器のコンフィグ内容を読み解く必要はありますか？

OKAMOTO CREATE
36分前
ご質問ありがとうございます。
機器のコンフィグ内容から読み解いてもらう形となります。
応募する
ブックマーク
募集者へ質問する
募集者情報
OKAMOTO CREATE
 5.0 （4）
発注実績
1
発注件数
25%
発注率
100%
取引完了率
認証状況
本人確認
 
機密保持契約(NDA)
 
この募集内容に似ている仕事
似ている仕事はまだありません。
同じカテゴリからも探してみましょう。"
ココナラ,ライティング・翻訳,曲線カットライン作成のご依頼（ラベルデザイン）,"予算
1万円",,ライティング・翻訳,,,https://coconala.com/requests/4868356,"ホーム
仕事を探す
単発の仕事を探す（すべて）
デザイン制作
パッケージデザイン・ラベル作成
曲線カットライン作成のご依頼（ラベルデザイン）
曲線カットライン作成のご依頼（ラベルデザイン）
パッケージデザイン・ラベル作成
予算
見積り希望
納品希望日
2026年3月9日
募集期限
あと 3 日 と 13時間 締切日 2026年3月4日 / 掲載日 2026年3月1日
応募状況
応募人数 3
契約人数 0
閲覧数 37
業種
小売
サイズ
120mm（横）×100mm（縦）
ターゲット像
年代
ー
性別
ー
色イメージ
ー
希望イメージ
シンプル
複雑
単色
カラフル
気軽
フォーマル
女性的
男性的
納品ファイル形式
AI
商用利用予定
あり
著作権譲渡
希望あり
募集内容
はじめまして。
商品ラベルのカットライン作成をお願いしたく、ご相談です。

■依頼内容
既存のラベルデザイン（Illustratorデータあり）に対して、
参考画像①のような「曲線カットライン」を作成していただきたいです。

現在のデザインは画像②のような長方形ベースですが、
これを①のような曲線バランスに調整し、
最終的な仕上がりイメージは画像③のような形にしたいと考えております。

※デザインデータ（元ラフ）はIllustrator形式（ai）で支給可能です。

■作業内容イメージ
・既存デザインに合わせた自然な曲線カットラインの設計
・全体バランスを見ながらの微調整
・印刷入稿用のカットラインデータ作成（別レイヤー配置希望）

■希望仕様
・カットラインはパスデータで作成
・レイヤー分け（例：カットライン専用レイヤー）
・印刷会社へそのまま入稿可能な形式
・必要に応じて塗り足しも考慮いただけると助かります

■納品形式
・aiデータ（アウトライン前データ）
・確認用PDF

■備考
実物イメージは③のような仕上がりですが、
①の曲線バランスを参考に、より洗練された形に整えていただける方を希望しております。

ご対応可能かどうか、
またお見積り・納期目安もあわせてご提示いただけますと幸いです。

どうぞよろしくお願いいたします。
添付ファイル
 ②にがりPKデザインベース.jpg
 ①カットライン参考イメージ.jpg
 ③仕上がりイメージ.jpeg
参考URL
ー
求めるスキル
ー
特記事項
ー
応募者一覧
応募者
応募日時
松尾 真希
2026/03/01 08:47
はすれん
2026/03/01 08:56
saki_o_design
2026/03/01 10:32
募集内容についての質問
質問と回答の履歴
質問はまだありません。不明なことがあれば質問してみましょう。
応募する
ブックマーク
募集者へ質問する
募集者情報
こじ＠総合ビジネスコンサルタント
 5.0 （11）
発注実績
0
発注件数
0%
発注率
0%
取引完了率
認証状況
本人確認
 
機密保持契約(NDA)
 
この募集内容に似ている仕事
パッケージデザイン・ラベル作成
Amazon商品のパッケージデザイン制作を担当する方を募集します
予算
1万円
〜
3万円
応募者数
27
募集期限
あと 2 日 （3月3日まで）
norm_standard
投稿日時：11日前
詳細を見る 
パッケージデザイン・ラベル作成
Amazon商品のパッケージデザイン制作を担当する方を募集します
予算
1万円
〜
3万円
応募者数
27
募集期限
あと 2 日 （3月3日まで）
norm_standard
投稿日時：11日前
詳細を見る 
パッケージデザイン・ラベル作成
Amazon商品のパッケージデザイン制作を担当する方を募集します
予算
1万円
〜
3万円
応募者数
27
募集期限
あと 2 日 （3月3日まで）
norm_standard
投稿日時：11日前
詳細を見る"
ココナラ,ライティング・翻訳,記念撮影をしてくれるフォトグラファーの募集,"予算
1万円",,ライティング・翻訳,,,https://coconala.com/requests/4868276,"ホーム
仕事を探す
単発の仕事を探す（すべて）
動画編集・映像制作
写真撮影・素材提供
記念撮影をしてくれるフォトグラファーの募集
記念撮影をしてくれるフォトグラファーの募集
写真撮影・素材提供
予算
見積り希望
納品希望日
2026年3月31日
募集期限
あと 5 日 と 13時間 締切日 2026年3月6日 / 掲載日 2026年3月1日
応募状況
応募人数 0
契約人数 0
閲覧数 29
枚数
未定
納品ファイル形式
未定・相談したい
商用利用予定
なし
二次利用予定
未定・相談したい
募集内容
【 募集詳細 】
袴姿の記念撮影&軽いレタッチ作業をして撮影データを納品して頂きたいです
撮影には慣れていない為ポーズ等誘導してもらいたいです

【 場所、時間 】
東京都千代田区(依頼する方が決まり次第レンタルスペースを予約予定)
３月15日日曜日　8時〜11時、14時以降で1時間〜1.5時間程

【 応募条件 】
カメラに慣れている方
女性の方(レンタルスペースで撮影予定なので同性の方にお願いしたい為)

【 応募時のお願い 】
過去の実績を簡易的にご提示ください。

ご質問がありましたら、気軽にお問い合わせください。
応募をお待ちしております！
添付ファイル
ー
参考URL
ー
求めるスキル
ー
特記事項
初心者OK
応募者一覧
応募はまだありません
募集内容についての質問
質問と回答の履歴
質問はまだありません。不明なことがあれば質問してみましょう。
応募する
ブックマーク
募集者へ質問する
募集者情報
ぷいた
発注実績
0
発注件数
0%
発注率
0%
取引完了率
認証状況
本人確認
 
機密保持契約(NDA)
 
この募集内容に似ている仕事
写真撮影・素材提供
インスタ用　兜の物撮り撮影の依頼
予算
1万円
〜
3万円
応募者数
4
募集期限
あと 1 日 （3月2日まで）
Okada Akinori
投稿日時：8日前
詳細を見る 
写真撮影・素材提供
インスタ用　兜の物撮り撮影の依頼
予算
1万円
〜
3万円
応募者数
4
募集期限
あと 1 日 （3月2日まで）
Okada Akinori
投稿日時：8日前
詳細を見る 
写真撮影・素材提供
インスタ用　兜の物撮り撮影の依頼
予算
1万円
〜
3万円
応募者数
4
募集期限
あと 1 日 （3月2日まで）
Okada Akinori
投稿日時：8日前
詳細を見る"
