category,title,price,price_yen,seller_name,seller_rank,review_count,review_score,sales_count,delivery_days,url,description,seller_profile
業務自動化・効率化,PS4、PS5のコントローラ修理、カスタムします,300円,300,ゲーム機修理,プラチナ,386,5.0,427,,https://coconala.com/services/3182643,"ホーム
住まい・美容・生活相談
趣味・ゲーム攻略の相談
ゲーム攻略・ランク上げ相談
PS4、PS5のコントローラ修理、カスタムします
勝手に動く、ボタンが効かない、バッテリの持ちが悪い等
物品配送可能
評価 
 5.0(386)
販売実績 427件
残り 8枠 / お願い中：5人
ゲーム機修理
総販売実績：560件
プラチナ認定者の
サービス

直近3ヶ月で高い実績を維持した、信頼性の高い出品者のサービスです

サービス内容
購入時のお願い
評価・感想
お気に入り（180）
お届け日数
要相談 / 約8日（実績）
高評価のレビュー
すべての評価・感想をみる
大ちゃん3
見積り相談
2ヶ月前
動作確認を行ったところ、PS5のコントローラの左アナログスティックのドリフトと×ボタンの不具合、PS4コントローラの左アナログスティックのドリフト修理。
また、それ以外の不具合として、PS5コントローラの右アナログスティックのドリフト、R2トリガーのバネ折れ...
もっと見る
出品者からの返信 
innzai
見積り相談
1ヶ月前
初めてココナラをこちらにて利用させてもらいました。
PS5コントローラーの左右アナログスティックのドリフト、R2ボタンの故障を修理していただきました。

もっと見る
出品者からの返信 
uwタクト
見積り相談
2ヶ月前
この度はPS5コントローラーの修理についてご対応をいただき、ありがとうございました。
案内から初期の点検、修理と配送までスムーズに進めていただき、大変助かりました。
修理箇所も具体的に説明をいただけたので、納得のいく形で取引を完了することができました。
もっと見る
出品者からの返信 
Yuー7777
見積り相談
1ヶ月前
年末年始であるにも関わらず、迅速かつ安定した対応でした。
また、連絡内容について、レスポンスが早いだけではなく、次どのタイミングで連絡を行うのか、こちらが何をするべきかが示されており、不安なく取引を進めることができました。
肝心のコントローラーの修理に関して...
もっと見る
出品者からの返信 
招き猫 Fire達成済み
見積り相談
1ヶ月前
リピート購入です。今回も素早く誠実な対応をしていだき感謝です。ただ修理するだけでなく、コントローラーの破損状況の説明や写真など丁寧にコミュニケーションをして頂きました。とてもおすすめできる出品者様なので、コントローラーで困っていることがあれば超超おすすめしま...
もっと見る
出品者からの返信 
サービス内容
PS3、PS4、PS5のコントローラの修理、カスタムを承ります。
PS PortalやDualsense Edge、サードパーティ製のコントローラ等の周辺機器もご相談受け付けております。

・アナログスティックが勝手に動く(ドリフト)
・ボタンの反応が悪い
・L2,R2トリガーが戻らない
・バッテリの持ちが悪い
等の不具合を修理します。
また、背面ボタンの追加やボディの変更等のカスタマイズも承ります。
サービスで外部と内部の清掃を行います。
修理パーツの指定も受け付けております。
※指定パーツの入荷に時間がかかる場合、修理が遅れることがございます。
指定がない場合、こちらが選定したパーツで修理します。
アナログスティックは純正と同じALPS製またはFU製の高品質な部品を使用します。
高耐久のTMR式ホールエフェクトセンサ等のスティックにも交換対応可能です。
その他ゲーム機の修理も受け付けております。
カスタム、改造済みのコントローラの修理も対応可能です。
カスタムコントローラの場合は見積もり相談時にお伝え下さい。
ご気軽に相談ください。

※修理用部品やハンダの価格が上昇しているため、2024年11月以降の修理より、アナログスティック及びボタンの修理の場合、費用を300円上乗せさせていただきます。
例:アナログスティック1箇所の修理のオプション:500円→800円
ココナラの仕様上、500円単位でのみのオプションしか設定できないため、有料オプションの価格表示は500円のままとなります。ご注意ください。
ご了承のほどよろしくお願いいたします。


【修理の流れ】
1.修理のご相談
2.不具合品をお客様から発送
3.不具合品到着後、動作確認を行い、相談内容と齟齬が無いか確認(齟齬がある場合お客様に確認)
4.不具合品の修理
5.修理品の動作確認(動作状態を動画や画像でお客様に送付し確認していただきます)
6.修理品をお客様へ発送
購入にあたってのお願い
修理方法は相談となります。
状況に応じて修理の提案や相談をさせていただく事があります。
修理品が到着してから1台あたり、2日以内に修理を行って発送します。
※パーツの在庫状況により時間がか",のサービスです
業務自動化・効率化,PS5コントローラーを修理・カスタムします,300円,300,LeaLea_Hawaii,プラチナ,123,5.0,133,,https://coconala.com/services/3617200,"ホーム
住まい・美容・生活相談
趣味・ゲーム攻略の相談
ゲーム攻略・ランク上げ相談
PS5コントローラーを修理・カスタムします
ドリフト・ボタン・バッテリ修理 / カスタム！
物品配送可能
評価 
 5.0(123)
販売実績 133件
残り 11枠 / お願い中：6人
LeaLea_Hawaii
総販売実績：134件
プラチナ認定者の
サービス

直近3ヶ月で高い実績を維持した、信頼性の高い出品者のサービスです

サービス内容
購入時のお願い
評価・感想
お気に入り（66）
お届け日数
要相談 / 約7日（実績）
高評価のレビュー
すべての評価・感想をみる
匿名
見積り相談
1ヶ月前
ドリフトが発生してしまったDualSenseを2台、計4か所のTMRスティック換装を依頼させていただきましたが、すべて問題なく換装していただきました。ついでにコントローラを綺麗にして頂いたのもありがたいです。
やり取りもスムーズに進めていただき助かりました。...
もっと見る
madarabonnzinn
見積り相談
7日前
ps5のコントローラーのスティックのドライブ現象の修理したく初めて利用、購入をさせていたきました、説明も丁寧で分かりやすく作業速度も早く驚きました。修理時に想定していなかった箇所の破損等の発見があり修理の提案もして下さり大変助かりました。
最悪新しいコントロ...
もっと見る
匿名
見積り相談
19日前
初めての利用でしたが、とても丁寧に対応して頂きました！
ずっと修理をしたいと思っていたので本当に助かりました♪
動画で修理前修理後と動画も見れてとても良かったです！
もっと見る
hidehide333
見積り相談
9日前
素早さと丁寧さ安さ！
状況報告を写真と動画でいただけて安心してお任せできました。
追加の提案と修理も安価でやっていただけました。
もっと見る
NoTa161
見積り相談
14日前
最高すぎます。

地元でも直してくれるとこはありましたが、ただ修理だけで5500円ぐらいでした。
もっと見る
サービス内容
# PlayStation 5 コントローラー専門修理サービス

## 当店の強み
✨ 高品質パーツ使用
✨ 最短1日での修理完了
✨ 修理後の動作確認動画提供

## 対応機種
- PlayStation 5 コントローラー（DualSense）

## 修理メニュー
### 基本料金：1,500円
### オプション料金
✅ スティックドリフト修理（センサ交換）：500円/箇所
✅ スティックゆるみ修理（モジュール交換）：1,500円/箇所
✅ スティック操作部分交換：250円/箇所
✅ ボタン戻り修理：500円/範囲
✅ ボタン無反応修理（フィルム交換）：1,250円
✅ USB Type-Cポート修理：1,750円
✅ イヤホンジャックポート修理：2,250円
✅ バッテリー交換（純正より1.28倍長持ちPSE検品）：2,500円
## カスタムメニュー
✅ クリッキーボタン取付：3,500円～（ボタン範囲で変動）
✅ シェルカスタム：要相談
✅ 背面ボタン装着：約7,500円～（機能、パーツ代で変動）
✅ コントローラー軽量化（282⇒207g：▲75g)：500円
 ※ 振動・アダプティブトリガ機能不要の方

## 割引
紹介で10％割引！（ご紹介者様のココナラユーザー名をお知らせください）

## 安心の修理プロセス
1. 丁寧なヒアリング・ご相談
2. お客様より機器発送
3. 到着後の詳細確認
4. 修理作業
5. 動作確認動画のご提供
6. 返送

## スケジュール例 （郵送お届け日数が1日の場合）
全工程完了期間：4日
1日目：お客様による修理品のご発送
2〜3日目：弊社到着・修理作業・修理完了品発送
4日目：お客様のお手元に修理完了品到着

## お客様へのお約束
✔️ 修理は最短1日での対応
✔️ 高品質パーツのみ使用
✔️ 修理後の動作確認動画提供
✔️ 清掃サービス付き

## ご注意事項
- 送料はお客様負担となります
- 大規模な破損・水没は修理できません
- 分解修理のため公式修理対象外となります

まずはお気軽にご相談ください！


購入にあたってのお願い
-状況に応じて修理の提案や相談をさせていただく事があります
-修理品が到着してから1台あたり、2日以内に修理を行って発送します
 ※パーツの在庫状況により時間がかかる場合があります
- 送料はお客様負担となります
- 大規模な破損・水没は修理できません
- 分解修理のため公式修理対象外となります
1,500 円
8ポイント (0.5％) 獲得
無料で見積り相談
このサービスは見積り相談後に購入できます
見積りから購",のサービスです
業務自動化・効率化,複数プレデターがランクをお手伝います,300円,300,むーにー__,プラチナ,13,4.7,14,,https://coconala.com/services/3475856,"ホーム
住まい・美容・生活相談
趣味・ゲーム攻略の相談
ゲーム攻略・ランク上げ相談
複数プレデターがランクをお手伝います
何処よりも優しく楽しく遊べます！気軽にお頼み下さい！
評価 
 4.7(13)
販売実績 14件
残り 6枠 / お願い中：0人
むーにー__
総販売実績：65件
プラチナ認定者の
サービス

直近3ヶ月で高い実績を維持した、信頼性の高い出品者のサービスです

サービス内容
購入時のお願い
評価・感想
お気に入り（11）
お届け日数
要相談 / 1日以内（実績）
初回返答時間
1時間以内（実績）
高評価のレビュー
すべての評価・感想をみる
xasx
10ヶ月前
激弱な依頼主ですがゲームが続いて楽しかったです！1時間という僅かな時間でしたがチャンピオンも三回以上とらせていただきました( ´ ▽ ` )プレデター勢はやはり凄いですね！またよろしくお願いします。
出品者からの返信 
匿名
15日前
何度リピートしたか分からないぐらい毎度助けてもらっています！VC雰囲気も良くPC鯖にも来てくれます。
xasx
8ヶ月前
優しくておっとりとしている方です。だけど強いです！
聞き専にも親切です。
またよろしくお願いします。
男性
6ヶ月前
恐ろしいくらい強いです笑
4回で1000RP以上盛らせて頂きました
ありがとうございました！
匿名
20日前
急な依頼でも受けて下さってとても優しく強かったです！また来シーズンもお願いしたいです。
サービス内容
はじめましてむーにーです！
ご覧頂きありがとうございます！
最初にお品書きを載せておきます！

・カジュアル 1時間1500円

・ルーキー〜ゴールド 1時間1500円
・プラチナ   1時間2000円
・ダイヤ 1時間3000円

vc無しでのプレイも可能ですので是非お気軽に！

プレデターに到達して以来、色んな方と遊んでプレデターを維持してきました！ソロマスターも達成しています！
プレデター以外の友達も多く一緒に楽しくプレイ出来ると思います！
強い味方が欲しいという方に是非！プレイ時には私が依頼者様のランクに合わせたアカウントで参加致します！

さらにゲームトレード様でも数多くの代行同行依頼を受けて好評なのでそこも安心して頂けたらと思います！

プラチ帯などであればつい先日のご依頼では、依頼者様が1時間で1000rp盛れていました！雰囲気もよく嬉しいことにリピートしてくれています！

またランク以外でも軽いコーチングも可能ですしカジュアルなど緩い雑談APEXも受付ています！一緒に雰囲気よく遊びましょう！

apexのお供に是非！皆様からのお誘いお待ちしておりますm(_ _)m

購入にあたってのお願い
私自身がps5でのプレイなのでvcはパーティーチャットで！

クロスプレイなども実力が上下する可能性があるので、プラットフォームのご確認をよろしくお願い致します！
有料オプション
プラチナ帯
＋ 500円
ダイヤ帯
＋ 1,500円
1,500 円
8ポイント (0.5％) 獲得
 購入画面に進む
 有料オプション 
無料で見積り相談
見積りから購入までの流れ
 出品者に質問
 フォロー
8
むーにー__
本人確認
機密保持契約(NDA)
未登録
インボイス発行事業者
未登録
総販売実績
65
評価
4.9
フォロワー
8
プロフィール詳細を見る
 出品者に質問
 フォロー
8
出品者のその他のサービス
APEXのランクダイヤまでキャリーします APEX複数プレデター、ソロマス一緒に楽しく遊びましょう！
5.0
(39)
1,500 円
Apex複数回プレデター維持経験者が教えます あなたに寄り添う基礎〜応用まで学べるコーチング(初心者歓迎)
5.0
(11)
2,000 円
シーズン28現2桁プレデターが同行致します CS版APEXプレデター複数回維持がお供します！
-
1,500 円
CS Apex複数プレデターがコーチングします はじめての方や初心者さん〜中級者さん！お気軽にどうぞ！
-
2,000 円
CS最強の複数プレデターが代行します ランク上げ、ダブハンや爪痕の代行を致します！
5.0
(1)
1,000 円
趣味・ゲーム攻略の相談の関連サービス
プレステ、トロフィー取得代行サービスします トロフィー取得代行サービスプレステ
5.0
(22)
trokichi
1,500 円
PS5コントローラーを修理・カスタムします ドリフト・ボタン・バッテリ修理 / カスタム！
5.0
(133)
LeaLea_Hawaii
1,500 円
夜限定♪ゆるく楽しく一緒にゲームします ゆるく遊べる小さな「夜の隠れ家」やってます^^
4.9
(44)
ぼらたろ
2,000 円 ",のサービスです
業務自動化・効率化,APEXのランクダイヤまでキャリーします,300円,300,むーにー__,プラチナ,31,5.0,39,,https://coconala.com/services/3746216,"ホーム
住まい・美容・生活相談
趣味・ゲーム攻略の相談
ゲーム攻略・ランク上げ相談
APEXのランクダイヤまでキャリーします
APEX複数プレデター、ソロマス一緒に楽しく遊びましょう！
評価 
 5.0(31)
販売実績 39件
残り 9枠 / お願い中：1人
むーにー__
総販売実績：65件
プラチナ認定者の
サービス

直近3ヶ月で高い実績を維持した、信頼性の高い出品者のサービスです

サービス内容
購入時のお願い
評価・感想
お気に入り（11）
お届け日数
要相談 / 約1日（実績）
初回返答時間
3時間以内（実績）
高評価のレビュー
すべての評価・感想をみる
女性
3ヶ月前
ご依頼させていただいて本当によかったです。
ものすごく強い方で、私は後ろをついていくのがやっとでしたが、優しくお話ししてくださるので安心してプレイができました。また、初めから終わりまですごく楽しかったです！
ぜひまたお願いしたいです。本日はありがとうございま...
もっと見る
女性
21日前
むーにーさんのおかげで、初めてダイヤに到達できました！
私がよわ過ぎて、毎試合すぐに箱になってすごくやりづらかったと思います。それでも、ずっと優しく最後までキャリーしていただいて感謝しかありません！
来シーズンもぜひお願いしたいです！ありがとうございました！
もっと見る
コ・アラのマッチ
4ヶ月前
初めてこのサービスを受けて分からない事だらけでしたが、親切にわかりやすく教えてもらいました。
(提案ありがたい)ゲームも最初盛る事を意識していましたが、時間が立つにつれ、楽しいと感じる事が勝ってしまいました。またよろしくお願いします。
もっと見る
出品者からの返信 
匿名
23日前
初利用させて頂きましたが大満足の同行でした！

ランクで難しい所を教えてくれながら、チャンピオンを取ってくれるプレイは初心者ながら、非常にやりやすかったです！
もっと見る
かおるんるんるんるーん
1ヶ月前
強すぎてびっくりしました！同時にプレデターのあまりの火力に恐ろしささえ感じました。ゴールド4から数時間でプラチナまで行けました！ほぼ戦闘には参加できず、ついていくだけで勝手に盛れました。リピート確定です！
サービス内容
シーズン28現在も既にプレデター到達済みです！

【APEXランクダイヤまでキャリーします！】
・ルーキー〜ゴールド帯  1時間1500円
・プラチナ帯   1時間2000円
・ダイヤ帯   1時間3000円   

ダイヤ帯以降もランクにてIGLや有力な戦力として同行可能です！
※プロフのメディア欄に軽い戦闘シーンやキルクリップがありますので参考程度にご視聴頂ければ幸いです(^_ _^)

是非お試しあれ！実力等は不問ですので気にしません！vc無しでのプレイも可能です！お気軽にお声掛け下さい！

【こんな方にもおすすめ！】
『APEXのランクやりたいけど1人ではやりたくないな…』

『ランクのポイントを上げたいけど中々難しい』

『自分より上手い人と遊びたいプレイを見たい』

など色々な用途に私をお使い下さい！
質問もなんでもお気軽に！
依頼者様のランクをお手伝い致します！カジュアルなども大丈夫です！

APEXはとても面白く奥深いゲームなので是非一緒に楽しく遊びたいです！
購入にあたってのお願い
ご質問なんでもお送り下さい！
強い弱いなどの実力も何も気にしなくて大丈夫です！
一緒に楽しく遊びたいです！


有料オプション
プラチナ帯 1時間
＋ 500円
プラチナ帯 2時間
＋ 2,500円
ダイヤ帯 1時間
＋ 1,500円
ダイヤ帯 2時間
＋ 4,500円
1,500 円
8ポイント (0.5％) 獲得
 購入画面に進む
 有料オプション 
無料で見積り相談
見積りから購入までの流れ
 出品者に質問
 フォロー
8
むーにー__
本人確認
機密保持契約(NDA)
未登録
インボイス発行事業者
未登録
総販売実績
65
評価
4.9
フォロワー
8
プロフィール詳細を見る
 出品者に質問
 フォロー
8
出品者のその他のサービス
複数プレデターがランクをお手伝います 何処よりも優しく楽しく遊べます！気軽にお頼み下さい！
4.7
(14)
1,500 円
Apex複数回プレデター維持経験者が教えます あなたに寄り添う基礎〜応用まで学べるコーチング(初心者歓迎)
5.0
(11)
2,000 円
シーズン28現2桁プレデターが同行致します CS版APEXプレデター複数回維持がお供します！
-
1,500 円
CS Apex複数プレデターがコーチングします はじめての方や初心者さん〜中級者さん！お気軽にどうぞ！
-
2,000 円
CS最強の複数プレデターが代行します",のサービスです
業務自動化・効率化,PS5・PS4専門｜丁寧に調整し修理します,300円,300,MIMACRO Electronics,プラチナ,35,5.0,39,,https://coconala.com/services/3821262,"ホーム
住まい・美容・生活相談
趣味・ゲーム攻略の相談
ゲーム攻略・ランク上げ相談
PS5・PS4専門｜丁寧に調整し修理します
女性スタッフが対応｜丁寧に修理・調整、カスタムも対応
物品配送可能
評価 
 5.0(35)
販売実績 39件
残り 4枠 / お願い中：6人
MIMACRO Electronics
総販売実績：87件
プラチナ認定者の
サービス

直近3ヶ月で高い実績を維持した、信頼性の高い出品者のサービスです

サービス内容
購入時のお願い
評価・感想
お気に入り（28）
お届け日数
要相談 / 約7日（実績）
高評価のレビュー
すべての評価・感想をみる
まさーず
見積り相談
2ヶ月前
PlayStation5用純正DualSense ワイヤレスコントローラーの修理を依頼させていただきました。
最初の見積もり相談からとても丁寧な対応をしていただき、修理過程の写真を添付してくださったりと大変細かく報告してくださったおかげでとても安心できました...
もっと見る
ioio678
見積り相談
3ヶ月前
デュアルセンス（PS5コントローラー）の修理を依頼しました。
内部コードの断線によって不具合が出たものと思っていましたが、実際は接点復活剤の塗りすぎが原因でした。
この辺りも素人では全く想像も付かなかったし、基盤自体の故障なら買い替えも検討していたため、結果...
もっと見る
＠えんま
見積り相談
2ヶ月前
PS4コントローラーのアナログスティックのTMRセンサー交換を依頼しました｡
当初､PS4スティックの交換部品の在庫がなく諦めかけていました｡
ダメ元で一世代前の手持ちの部品で交換をお願いした所､迅速かつ､柔軟･丁寧に対応していただきました｡
もっと見る
lastruggling
見積り相談
9日前
原因もわからない状態だったけど
丁寧に相談いただきました

もっと見る
出品者からの返信 
mao_dao
見積り相談
5ヶ月前
こちらの都合で発送が遅れてしまったのですが、とても快く対応していただき感謝しています。
修理も迅速かつ丁寧で、こまめに進捗の連絡をいただけたので安心してお任せできました。
仕上がりにも大満足です！この度はありがとうございました。
もっと見る
出品者からの返信 
サービス内容
━━━━━━━━━━━━━━━━
◎ PS5・PS4コントローラー専門 
━━━━━━━━━━━━━━━━
PS5・PS4に特化しているため、
故障の傾向や調整ポイントを把握した安定した修理が可能です。
交換パーツも事前に検品し、品質を維持しています。

━━━━━━━━━━━━━━━━
◎ 使い心地まで整える修理体制
━━━━━━━━━━━━━━━━
修理して終わりではなく、
安定して使える状態まで整えます。
スピードも大切にしながら、
“仕上がりの確かさ”を重視しています。

⭕【基板を傷めない施工】
負担を抑えたはんだ処理と入念な下処理

⭕【 違和感を残さない調整】
数値と実機の両面から操作感を微調整

⭕【 大切に守る梱包】
スティックやトリガーに圧力がかからないよう保護梱包の徹底

⭕【発送直前の最終点検】
梱包の直前にもう一度動作を確認。万全の状態で返送いたします。


━━━━━━━━━━━━━━━━
◎ はじめてでも安心のサポート
━━━━━━━━━━━━━━━━
✅【明朗会計】
作業前に金額を確定。了承のない追加料金はありません。

✅【進捗の可視化】
修理前後の状態を画像・動画でご報告します。

✅【女性スタッフが窓口】
お見積りから発送・返送まで迷わず進められるようサポートします。

✅【修理後のアフターフォロー】
万が一の際も、責任を持ってアフターフォローさせていただきます。


━━━━━━━━━━━━━━━━
◎ 料金の目安
━━━━━━━━━━━━━━━━
基本作業料金：1,000円
＋必要な場合のみパーツ費用

【パーツ費用目安】
・スティックセンサー交換（1箇所）：800円
・高耐久TMRセンサー換装（1箇所）：1,500円
・ボタン／トリガー修理：500〜1,500円
・背面ボタン装着：5,900円～

※作業前に確定金額をご案内します

■■ 期間限定キャンペーン
基本作業料金をお値引き（2月28日まで）

━━━━━━━━━━━━━━━━
◎ まずは「見積り相談」から
━━━━━━━━━━━━━━━━
「修理できるか分からない」という段階からでもご相談ください。
無理な修理はおすすめしません。
ご納得いただけた場合のみご依頼ください。

まずは「見積り相談」からお気軽にご連絡ください。


購入にあたってのお願い
■■招待コードのご案内■■
こちらは、もしご都合が合えば…という軽い",のサービスです
業務自動化・効率化,TRPGのGM(ゲームマスター)つとめます,300円,300,miwa_co,プラチナ,393,5.0,470,,https://coconala.com/services/372671,"ホーム
住まい・美容・生活相談
趣味・ゲーム攻略の相談
ゲーム攻略・ランク上げ相談
TRPGのGM(ゲームマスター)つとめます
進行役がいない！やってみたいけど機会がない…という方へ
評価 
 5.0(393)
販売実績 470件
残り 1枠 / お願い中：14人
miwa_co
総販売実績：517件
プラチナ認定者の
サービス

直近3ヶ月で高い実績を維持した、信頼性の高い出品者のサービスです

サービス内容
購入時のお願い
よくある質問
評価・感想
お気に入り（225）
提供形式
ビデオチャット打ち合わせ可能
お届け日数
要相談 / 約36日（実績）
初回返答時間
2時間以内（実績）
高評価のレビュー
すべての評価・感想をみる
めありchocolate
見積り相談
6ヶ月前
リピで、お願いさせて頂きました！お忙しい中、快くご快諾くださり、大変ありがたかったです！今回も、miwa様のKP完璧で……。凄すぎる〜！天才過ぎる〜！めちゃくちゃ楽しませて頂きました！長時間、ありがとうございました！また、次回も是非よろしくお願い致します〜！
seebone
見積り相談
13日前
とても丁寧で、わかりやすいキーパリングでした。自分はPLに慣れていなかったのでご迷惑をおかけしてしまいましたが、優しく対応していただき本当に助かりました。KPとしても学ぶことがたくさんあり、とても勉強になりました。このたびは誠にありがとうございました。
ichi5_g
見積り相談
5ヶ月前
2回目の依頼でした。タイマンシナリオでこちらの希望に添いKPCをRPしていただきました。KPCの設定もしっかり作っていただき、楽しいセッションをさせていただき感謝しております。ありがとうございました！！
ハタケヤマ（tohu1126）
6ヶ月前
ずっと通過したかったシナリオを通過することができました！
進行もスムーズで、なにより一緒に楽しんでくださっている雰囲気が感じられて、安心して通過が出来ました！
思い出深いセッションになりました…！
もっと見る
朽竹イルマ
9ヶ月前
初めてのTRPGでGMをお願いさせていただきました！とても丁寧でわかりやすく、初めてのセッションを楽しむことができました。どうもありがとうございました！機会があれば是非またお願いしたいです。
サービス内容
========
スケジュールにつきまして
現在、ありがたいことに多数のご予約をいただいておりまして、直近の日程がご対応できなくなっております。下記にご予約可能状況を記載いたしますので、目安にしていただけると幸いです。
-----
3月
満枠
----
4月
満枠
----
5月
平日夜空きアリ
----
6月〜
DMにてご相談ください
----
========

TRPGをはじめたいけど、周りにTRPGのことを知っている人がいない…
セッションをしたいけど、進行ができる人がいない…
という方向けに、GM（ゲームマスター・進行役／解説）をいたします！

TRPGって何？動画を見ているけどふわっとしか意味がわからない！そもそもどういうものなの？
という疑問への解説のみも大歓迎です。

下記記載のシステムをメインにGMを行っております。

所持ルールブック
・クトゥルフ神話TRPG 第6版／第7版
　サプリメントクトゥルフ2010
　サプリメントクトゥルフ2020
　マレウス・モンストロルム
　マレウス・モンストロルムvol.2神格編
・シノビガミ（旧版／改訂版）
　流派ブック　全種
・インセイン1
　インセイン2 デッドループ
　インセイン3 SCP
・ロストロイヤル
・ビギニングアイドル 基本
・キルデスビジネス 基本
・フタリソウサ
・パラノイア[トラブルシューターズ]
・ケダモノオペラ

所持公式シナリオ集
・シノビガミ「忍秘伝・改」
・シノビガミ「正忍記・認」
・インセイン「ブラックデイズ」
・フタリソウサ「怪盗からの誘惑」

他GM可能なシステム
・マーダーミステリー 
・エモクロア

オンラインでのプレイ／解説になります。
ビデオチャットサービスも対応しております。

他ご質問ありましたら、お気軽にご連絡くださいませ。

TRPGを知ってから、どうしてもやってみたいけど出来る友達がいない。。という拗らせ時期が2年位ありました。プレイ出来る環境になった今、すごく楽しいです◎
はじめの勇気を出せるお手伝いができれば嬉しいです！
購入にあたってのお願い
ご依頼の際に、以下の事をお教えください。
・日程（テキスト／半テキストセッションの場合、長時間になることが予想されます。ありがたいことに、ご予約が多く直近の日程が取りづらくなっております。複数日程頂けると幸いです）
・人数（1名様も大歓迎です）
・",のサービスです
業務自動化・効率化,ポケモン【マスターランクリボン】獲得代行します,300円,300,クマ３,,137,5.0,137,3日,https://coconala.com/services/3282925,"ホーム
住まい・美容・生活相談
趣味・ゲーム攻略の相談
ゲーム攻略・ランク上げ相談
ポケモン【マスターランクリボン】獲得代行します
これまで500匹以上手掛けました！
評価 
 5.0(137)
販売実績 137件
残り 3枠 / お願い中：0人
クマ３
総販売実績：137件
サービス内容
購入時のお願い
評価・感想
お気に入り（38）
お届け日数
3日（予定） / 1日以内（実績）
初回返答時間
1時間以内（実績）
高評価のレビュー
すべての評価・感想をみる
ratix
2ヶ月前
他の方達のレビューを見て、この方への依頼を決めました。
依頼した次の日には全てのポケモンにリボンを付け終えておられたり、交換が決まっていた日時から､急遽こちらの都合で変更になってしまった際も柔軟に対応していただいたりと、とても親切、丁寧かつ迅速な対応で、初め...
もっと見る
出品者からの返信 
uumo_
3ヶ月前
マスターランクリボン取得を目指していましたが、私にとっては本当に難しく、心が折れかかっていたところにこのサービスを見つけました。
依頼してから迅速に対応していただき、すぐにリボンを取得していただきました！
初めてこういった依頼を出して少し不安にも思いましたが...
もっと見る
出品者からの返信 
8823hayabusa
2ヶ月前
初めて依頼させていただきました。
幻ポケモン参加可ルールの期限が差し迫っている中で
駆け込みでのお願いになってしまいましたが、非常に迅速にご対応をしていただきました。
もっと見る
出品者からの返信 
匿名
14日前
初めての取引だったので不安はありましたが、とても丁寧な対応で安心しました！数時間で困難なランクマリボンが手に入るとは思っていなかったので驚きです。　
手持ちへのこだわりにも気付いてくださって嬉しかったです。
本当にありがとうございました！
もっと見る
出品者からの返信 
匿名
2ヶ月前
毎度お世話になっているものです。迅速かつ丁寧な対応をしていただき、本当に感謝しています。自分じゃできないマスボ級の戦いを、こんなに早くできるのは本当にすごいと思います。
機会があればまた是非、この方にお願いします！！！
出品者からの返信 
サービス内容
【サービス内容】
「ランクマスターのリボンを付けたい！でもマスターボール級に上げるのは大変」「オンライン対戦なんてやったことない」
そんな方に代わってマスターランクリボンをお付けします！

【対応ソフト】
「ポケットモンスター スカーレット・バイオレット」のみ対応しております。
※オンラインにて交換を行うため、Nintendo Switch Onlineへの加入が必要です。
※レギュレーションによってはランクマッチに参加出来ないポケモンがいるので、購入前に公式HPをご確認ください。特に幻ポケモンは2026年1月以降、対戦ルール変更より参加出来なくなるのでご注意ください。

【流れ】
①まずチャットでのやりとりを通じて、購入者さまとオンライン交換が出来る日時をご相談させていただきます。

②通信交換を通じて購入者さまからリボンをつけて欲しいポケモンをお預かりします。
通信交換で必要な「あいことば」はこちらからお伝えいたします。

③お預かりしたポケモンを連れてオンライン対戦に臨みます。勝利するとお預かりしたポケモンにマスターランクリボンが付きます。

④お返しする日時をご相談させていただきます。

⑤通信交換を通じてお預かりしたポケモンをお返しします。
お返しする際、こちらにお送りいただくポケモンは何でも構いません。

※お預かりした大切なポケモンには、オンライン対戦のチームに加える以外一切手を付けません。育成や持ち物を変更することもありません。
※バグやチート等を利用した改造行為等は一切行いません。
※12匹以上でも承ります。ご相談ください。

【リピーターサービス】
リピーターさまは1匹分無料で承ります！
例:2匹分のご購入⇒お値段そのままで3匹承ります。
※前回と同じココナラアカウントからのご購入に限らせていただきます。

【出品者について】
すべての世代のポケモンをプレイしている、根っからのポケモンファンです。好きなポケモンはパモです！
購入にあたってのお願い
・スムーズな交換のために、初回のチャットにて交換時のTN(ゲーム内のお名前)と、お預けいただくポケモンの名前と数をお知らせください。
例：TN「スカーレット」、「ピカチュウ」と「イーブイ」の合計２匹

・ランクマッチに参加出来るポケモンか、今一度お確かめください。
サトシゲッコウガなど特別なポケモンは参加不可となっております。
有料オプション
2匹目以降は1匹500円で承ります。
＋ 500円
2匹目","からの返信 
8823hayabusa
2ヶ月前
初めて依頼させていただきました。
幻ポケモン参加可ルールの期限が差し迫っている中で
駆け込みでのお願いになってしまいましたが、非常に迅速にご対応をしていただきました。
もっと見る
出品者からの返信 
匿名
14日前
初めての取引だったので不安はありましたが、とても丁寧な対応で安心しました！数時間で困難なランクマリボンが手に入るとは思っていなかったので驚きです。　
手持ちへのこだわりにも気付いてくださって嬉しかったです。
本当にありがとうございました！
もっと見る
出品者からの返信 
匿名
2ヶ月前
毎度お世話になっているものです。迅速かつ丁寧な対応をしていただき、本当に感謝しています。自分じゃできないマスボ級の戦いを、こんなに早くできるのは本当にすごいと思います。
機会があればまた是非、この方にお願いします！！！
出品者からの返信"
業務自動化・効率化,ゲームの企画書作成、ゲームの企画提案できます,300円,300,LevelDesignWorks,プラチナ,57,4.9,63,,https://coconala.com/services/950317,"ホーム
住まい・美容・生活相談
趣味・ゲーム攻略の相談
ゲーム攻略・ランク上げ相談
ゲームの企画書作成、ゲームの企画提案できます
企画書だけでなく、アイディア提供や開発相談も対応可です
評価 
 4.9(57)
販売実績 63件
残り 5枠 / お願い中：0人
LevelDesignWorks
総販売実績：242件
プラチナ認定者の
サービス

直近3ヶ月で高い実績を維持した、信頼性の高い出品者のサービスです

サービス内容
購入時のお願い
評価・感想
お気に入り（107）
お届け日数
要相談 / 約15日（実績）
初回返答時間
4時間以内（実績）
高評価のレビュー
すべての評価・感想をみる
女性
3年以上前
工数が増えてしまいLevelDesignWorksさんのお仕事量が増えてしまいましたが、最終的に綺麗にまとめて殆ど思ったように仕上げてくださいました。
例えば黒い、武器を持った死神と言って恐ろしい死神と、OL姿で刀を持った死神がどこかのサイトで例として挙げら...
もっと見る
出品者からの返信 
hiro_kitaba
3年以上前
素晴らしい！！ゲームをつくりたいけどまったくイメージが出来なかったのですが
こんな感じ。。。的な曖昧なイメージをしっかりとくみ取ってくださり
思い通りのゲームができあした！！
もっと見る
出品者からの返信 
男性
3年以上前
発散していたゲームのアイデアをまとめて、きれいな企画書にしていただきました。オンラインで公開する可能性があったため、使える素材が限られる条件での制作になりましたが、最後まで丁寧に対応いただき、とても助かりました。
出品者からの返信 
kikyuuu
3年以上前
会社で新規事業を考えている中でアイデアを壁打ちしながら企画書にしていただきました。
非常に丁寧にやりとりしていただき、対話の中で自分の考えが整理されたので非常によかったと思いました！ありがとうございました！！！
HeptagonD
3年以上前
この度は企画書を作成していただき、ありがとうございました！
イメージ通りかつ非常にクオリティの高い物を作っていただけて、大変満足しております。
修正にも丁寧に対応していただけて、文句なしのサービスでした！
出品者からの返信 
サービス内容
購入者様からコンセプト（またはキーワード）を頂き、ゲームの企画書を制作致します。

・ゲームの企画書を書きたいけど書き方が分からない
・ボンヤリと作りたいゲームはあるんだけど形にできない…
・一度アイディアの整理をしたいので企画書として書いて欲しい！

上記でお困りの方は是非ご検討ください、現役のゲームデザイナーがお応え致します。

企画書の構成は一枚でまとめるものから、複数ページなものまで幅広く対応させて頂きます。

なお、企画書書いてみたんだけど感想と添削をして欲しい！
などの要望がありましたらコチラ↓からどうぞ！
https://coconala.com/services/1166872

またテーマに沿ったシステムアイディアのご提供や
レベルデザインのご相談・アドバイスも承ります。

他にもサービスをご用意してありますのでご活用くださいませ。
↓現役プランナーの1ヶ月制作サポートサービスです
https://coconala.com/services/1210889
↓ゲーム企画書の添削サービスです
https://coconala.com/services/1166872
↓ゲーム制作に関するアドバイスサービスです
https://coconala.com/services/1080136
↓ゲームアイディアのご提供サービスです
https://coconala.com/services/1013848
↓ゲーム企画書サンプルの販売サービスです
https://coconala.com/services/1665228
購入にあたってのお願い
どんな事をお願いしたいのかを出来るだけ具体的にお書きください。
予想お届け日数は内容にもよりますが、3,4日程だと思って貰えばと思います。
20,000 円
100ポイント (0.5％) 獲得
 購入画面に進む
無料で見積り相談
見積りから購入までの流れ
 出品者に質問
 フォロー
100
LevelDesignWorks
本人確認
機密保持契約(NDA)
インボイス発行事業者
未登録
総販売実績
242
評価
4.9
フォロワー
100
プロフィール詳細を見る
 出品者に質問
 フォロー
100
スケジュール
■ココナラでのスケジュール
連絡可能時間帯：平日　8時～10時、20時～24時
　　　　　　　　休日　10時〜24時
主な作業日時　：平日　20時〜24時
すべて見る

経験職種

",のサービスです
プログラミング・ソフトウェア,管理栄養士監修のレシピ＋料理写真撮影を行います,300円,300,管理栄養士asami,プラチナ,125,5.0,148,,https://coconala.com/services/1167055,"ホーム
住まい・美容・生活相談
料理・レシピ・お店の相談
料理レシピ・作り方の相談
管理栄養士監修のレシピ＋料理写真撮影を行います
SNS・企業販促に使える“おいしい見せ方”をサポートします
物品配送可能
評価 
 5.0(125)
販売実績 148件
残り 1枠 / お願い中：3人
管理栄養士asami
総販売実績：305件
プラチナ認定者の
サービス

直近3ヶ月で高い実績を維持した、信頼性の高い出品者のサービスです

サービス内容
購入時のお願い
よくある質問
評価・感想
お気に入り（457）
提供形式
制作物 (+テキスト打ち合わせ) ビデオチャット打ち合わせ可能
お届け日数
要相談 / 約22日（実績）
初回返答時間
2時間以内（実績）
高評価のレビュー
すべての評価・感想をみる
男性
見積り相談
1年前
今回は合計7枚のレシピ案と画像作成をお願いしましたが、
途中で追加のレシピも快く引き受けてくださり、誠にありがとうございました。

もっと見る
raydel 松田
見積り相談
1ヶ月前
レシピ開発を進めていただく中で、こちらの意見も柔軟に取り入れていただき、想像以上のレシピが完成しました。社員一同大満足です。再度レシピ開発の機会がありましたら、またasami様にご依頼させていただきたいと思います。この度は誠にありがとうございました。
evrデザイン
見積り相談
1年前
急な依頼だったのですが、とても丁寧・迅速なご対応をいただき
たいへん助かりました。
また、メニューバリエーションも魅力的なご提案を多数いただき
もっと見る
evrデザイン
見積り相談
2ヶ月前
3度目の依頼をさせていただきました。
クオリティの高いメニュー案と素敵なお写真の納品、ご対応も迅速丁寧でお優しく、
本当に安心してお仕事させていただけました。
もっと見る
murase88
見積り相談
7ヶ月前
この度も素敵なメニュー提案をありがとうございました。
こちらからの要望にも迅速に、かつ丁寧にご対応いただき、感謝いたします。
試食会を実施するのが楽しみです。
もっと見る
サービス内容
ご覧いただきありがとうございます。
管理栄養士の asami と申します。

年間 500品以上 のレシピ開発・撮影を手がけています。
一眼レフカメラを使用し、シンプルでナチュラルな料理写真 に仕上げることが得意です。
企業様の商品を活用した アレンジレシピ も承ります。

＜こんなレシピをお作りできます＞
◻︎低糖質のおやつを作ってほしい
◻︎たんぱく質が豊富なおかずが知りたい
◻︎美肌効果が期待できる栄養素を含んだレシピを作ってほしい
◻︎鉄分がしっかり摂れるレシピを作ってほしい

など、栄養素に関するご指定 にも対応可能です。

＜サービス内容＞
・ レシピ開発・作成
・ 料理スタイリング
・ 撮影（完成写真3カット）
・ 写真レタッチ（色補正・明るさ調整など）

＜ レシピ作成時に記載する内容＞
① レシピ名
② 材料（指定がない場合は1〜2人前で作成）
③ 作り方
④ 作り方のポイント

＜料金＞
・レシピ開発・作成・撮影：10,000円（材料費別途・納品後に追加精算）

☆オプション
・ 栄養価計算（エネルギー、たんぱく質、脂質、炭水化物、食物繊維、食塩相当量）＋1,000円
・ 調理過程の写真撮影 ＋2,000円
・ スタイリング事前確認用の撮影 ＋1,000円
・ 撮影に必要な小物の購入 500円～（実費）

＜納期について＞
・ 1週間〜15日程度 お時間を頂いております。
指定食材がある場合は、食材到着後 からのカウントとなります。

＜撮影した写真について＞
⚠ 著作権は放棄しておりません。
⚠ 転売・二次配布はご遠慮ください。

ご不明な点がございましたら、お気軽にお問い合わせください！ 
購入にあたってのお願い
【納品までの流れ】
①レシピ内容のご相談・お見積り作成
　ご希望のレシピ数や内容をお伺いし、お見積りをご提示します。
②ご購入手続き
　※指定の食材がある場合は、事前にお知らせください。
③レシピ案のご提案
　数品ご提案いたしますので、お好きなものをお選びください。
④本レシピ作成・撮影
⑤納品（レシピ・写真データのお渡し）
⑥データ確認・材料費のお支払い
　※追加支払いにて材料費をご精算いただきます。
⑦取引完了

【その他注意事項】
◯材料費について
　材料費は別途請求となり、サービス提供後に追加支払いでご精算をお願いします。
◯写真データの使用について
　撮影した写真は、お仕事の経歴として使用させていただくことがあります。
　SNS等への掲載を希望されない場合は、事前にご連絡ください。
◯対応範囲について
　食品添加物を含む加工食",のサービスです
プログラミング・ソフトウェア,一級建築士がインテリアコーディネートを提供します,300円,300,Ski Design,プラチナ,313,4.9,404,10日,https://coconala.com/services/2408565,"ホーム
住まい・美容・生活相談
住まい・インテリアの相談
インテリアコーディネートの相談
一級建築士がインテリアコーディネートを提供します
誰でも相談しやすい価格で、お部屋作りのお手伝い！
評価 
 4.9(313)
販売実績 404件
残り 0枠 / お願い中：1人
Ski Design
総販売実績：412件
プラチナ認定者の
サービス

直近3ヶ月で高い実績を維持した、信頼性の高い出品者のサービスです

サービス内容
購入時のお願い
よくある質問
評価・感想
お気に入り（2040）
提供形式
PDF・各種定型ファイル
お届け日数
10日（予定） / 約11日（実績）
初回返答時間
1時間以内（実績）
高評価のレビュー
すべての評価・感想をみる
hozcha
見積り相談
1ヶ月前
インテリアコーディネートを初めて利用したため、最初は少し不安もありましたが、ヒアリングが丁寧で、好みのテイストをしっかり汲み取った提案をしていただけたため、安心してお任せすることができました。
レイアウトも非常に分かりやすく、通路幅や家具間の距離を具体的に記...
もっと見る
shinjilisa93
見積り相談
2ヶ月前
やりとりが終始とても丁寧で、こちらの希望にも積極的に対応していただき、安心して進めることができました。
自分たちではなかなか思いつかない間取りの提案や、手持ちの家具との相性まで考慮したプランはとても参考になり、プロならではの視点を感じました。

もっと見る
kkkkkkkui
見積り相談
1ヶ月前
新居のLDKと洋室のインテリアコーディネートをお願いしました。
短い期限、部屋の広さに対する条件の難しさがありましたが、とても丁寧にご対応くださいました。
また、メッセージのレスポンスも早く、質問にも細かくご回答いただけたので安心してやりとりできました。
もっと見る
c7nttc5kbp
見積り相談
6ヶ月前
1LDK一人暮らしのインテリアをご提案いただきました。限られた予算の中で、素敵なものを選んでくださりました。様々なショップのものを選んでくださり、状況が変わって買い替えたりする際にも参考になりそうです。

レスポンスも早く、提案もわかりやすいかったです。ヒア...
もっと見る
doctortorng
見積り相談
7ヶ月前
今回引っ越しのため、新生活に向けて、初めてインテリアコーディネートを依頼しました。

本当に素晴らしくて、大変おすすめです！
もっと見る
サービス内容
※満枠中の場合でも、作業に余裕がある場合がございますので、気軽にメッセージにてご連絡ください！
※ご購入前に、ヒアリングシートご記入可能か、事前にご確認をお願いいたします。

本業でマンションの内装設計、モデルルームのトータルコーディネートをしている
一級建築士が、あなたの部屋をコーディネートいたします！

お客様より、思い描いている空間のイメージを頂戴し
ご希望のご予算に合わせてインテリアコーディネートを提供いたします。

●こんな方へ
・一人暮らし、同棲を始めたいけど、どんな家具を選べばいいかわからない
・予算の範囲内で、家具のトータル提案をしてほしい
・高額なインテリアコーディネーターに依頼する前に、どんな提案があるかみてみたい
・家の内装と総合的に、インテリアコーディネートをしてほしい

●サービスの内容
・インテリアコーディネート提案書
→ご提案するレイアウト、インテリアのプレゼン資料になります。
・レイアウト図
・商品URL一覧資料
　PDFにて納品いたします。
※3Dパースはオプションになります。
※基本の料金に含まれるのは、1部屋の家具のご提案になります。（10畳程度）
※ご不明点ありましたら、事前お問い合わせも受け付けております！

●アピールポイント
・建築のプロが格安にて、インテリアコーディネートを提供
・内装デザイン業界に勤めているため、デザイン知識豊富で
　感度の高い流行なデザインから、大衆受けするデザインまで幅広くご提案できます。
・内装を考慮したインテリアのご選定を得意としています。
・要望がありましたら、家具だけでなく、雑貨のご提案もいたします。
・真摯な対応で、修正ご提案等も対応いたします。

●納期
ご購入いただいてから、ヒアリングシートをご記入いただき、追加で質疑をさせていただきます。
その回答から、最初のご提案を7日以内に提出し、修正を合わせて10日間でのご提案を想定しております。
ヒアリングシートのご記入や修正のレスポンスによってはご提案までの日数が遅れてしまうことがありますのでご協力お願いいたします。

お気軽にご相談ください。
購入にあたってのお願い
検討中の方は、まずはご相談ください！
どんなサービスを、どんな成果",のサービスです
プログラミング・ソフトウェア,大好評！超リアル3D付きでコーディネートします,300円,300,あなたのためのインテリア,プラチナ,12,4.8,16,,https://coconala.com/services/3600123,"ホーム
住まい・美容・生活相談
住まい・インテリアの相談
インテリアコーディネートの相談
大好評！超リアル3D付きでコーディネートします
平面プラン・3Dパース・家具提案・購入リスト付き！
評価 
 4.8(12)
販売実績 16件
残り 2枠 / お願い中：0人
あなたのためのインテリア
総販売実績：32件
プラチナ認定者の
サービス

直近3ヶ月で高い実績を維持した、信頼性の高い出品者のサービスです

サービス内容
購入時のお願い
評価・感想
お気に入り（48）
提供形式
制作物 (+テキスト打ち合わせ)
お届け日数
要相談 / 約30日（実績）
初回返答時間
1時間以内（実績）
高評価のレビュー
すべての評価・感想をみる
yy5
9ヶ月前
丁寧にヒアリングを重ねてくださり、まさに理想そのもののお部屋を作ってくださりました。
家具もわかりやすく表にまとめてくださり、使いたい家具もしっかり組み込んでくださいました。
こだわりポイントもわかりやすく、作っていただいたイメージ図や動画を見るだけでとても...
もっと見る
jesuisyoko
10ヶ月前
家具選びで失敗したくなかったので、依頼しました。
自分で考えすぎて、整理しきれていなかったのですが、要望を丁寧にきいていただき、ピンタレストで希望イメージを共有させてもらって、形にしてもらえました。
配置のアイデアやアイテムなど、使い方が自分では想像できなか...
もっと見る
TZUYU LIU
見積り相談
3日前
とても丁寧にご対応いただき、安心してお任せすることができました。
全体のバランスが美しく、統一感のある素敵なご提案で、完成度の高さを感じました。

もっと見る
澤井 浩亮
見積り相談
2ヶ月前
ご連絡ありがとうございます。
とてもきれいなものを作成いただき感謝です＾＾
夜と思われる時間帯の写真なので床の色が違って見え、
もっと見る
rad38
見積り相談
6ヶ月前
2回目の依頼でした。今回も私では絶対に考えられない素敵なコーディネートを提案していただき、また、こちらの修正依頼も快く迅速に答えていただきました。ぜひまた、お願いしたいと思います。
サービス内容
「おしゃれな部屋にしたいけれど、何をどう選べばいいかわからない…」
そんなお悩みを解決します！

【こんな方におすすめ！】
✔︎新生活を始めるので、おしゃれな部屋を作りたい
✔︎センスよく模様替えしたいけど、自信がない
✔︎家具の選び方や配置に悩んでいる
✔︎失敗せずに統一感のある部屋にしたい

tiktok100万再生のデザイナーが、あなたのお部屋にぴったりのインテリアプランを作成！
お好みのテイストに合わせ、家具レイアウト・家具の提案・購入リストまで、最高のプランをご提案します。

【納品物（最終成果物）】
◎インテリアコーディネート提案資料（1セット）
・コーディネートの工夫点（文章）
・家具レイアウト済みの平面プラン
・3Dイメージパース×3カット
・選定した家具の詳細情報（ブランド・価格・URL）

◎家具購入リスト（URL付き）
・すぐに購入できるよう、選定家具の購入先をリスト化

【納品までの流れ】
① 必要情報のご提供（平面図・室内写真・ご希望のテイストなど）
② プラン作成（約3週間程度）
③ ご提案資料の納品（PDF形式）
④ 修正対応（1回まで無料）

※納品は、図面等の情報をいただいてから2〜3週間を目安にしています。
コーディネート内容の修正が発生した場合は、お客様とのやり取りのタイミングによって納期が延びることがあります。
ご希望の納品日がある場合は、できる限り調整いたしますので事前にご相談ください！

【ご注意事項】
・お部屋の大きさにより柔軟に対応しますが、基本はLDK1室分のご提案です。追加の部屋がある場合は、オプションをご利用ください。
・ご提案時点では在庫確認を行いますが、納品後に在庫切れとなった場合の再提案は対応いたしかねますのでご了承ください。
・家具数点の変更やレイアウト微調整は追加料金となります。
・満枠時でも納期を長めにいただくことで対応可能な場合があります。ご希望の方はメッセージにてお問い合わせください。

「プロの視点で、おしゃれで快適な空間を作りたい！」という方は、ぜひご依頼ください！

※1部屋（LDK1室分）の価格です。追加の部屋はオプションをご利用ください。
購入にあたってのお願い
ご提案のクオリティを高めるため、下記の情報をご提供ください。
※①～④は必須です。

1. 平面図（必須）
→ 寸法表記のあるもの（ファイル形式：pdf / jpg / dxf など）
※CADデータがある場合は、CADデータの共有をお願いいたします。（DXF形式）

2. 室",のサービスです
プログラミング・ソフトウェア,東京の公立中学校 禁断の学区ガイドを提供します,300円,300,東京高校受験主義,,49,4.7,104,3日,https://coconala.com/services/2719143,"ホーム
住まい・美容・生活相談
住まい・インテリアの相談
住宅購入・売却の相談
東京の公立中学校 禁断の学区ガイドを提供します
東京の最強の学区選び・転居先の指南書
評価 
 4.7(49)
販売実績 104件
残り 12枠 / お願い中：8人
東京高校受験主義
総販売実績：1,147件
サービス内容
購入時のお願い
よくある質問
評価・感想
お気に入り（86）
提供形式
PDF・各種定型ファイル
お届け日数
3日（予定） / 約34日（実績）
初回返答時間
8時間以内（実績）
高評価のレビュー
すべての評価・感想をみる
匿名
8ヶ月前
この度は良質な情報を惜しみなくご提供頂き誠にありがとうございます。
公立中学校と高校受験塾のガイドを両方購入しました。
ひとくちに公立中学校といっても様々で、賢く選ばなければと強く思いました。
もっと見る
男性
2年前
データが膨大かつ詳細であり、移住先の選定にとても役に立ちました。１自治体ではありますが現地に長く住む義母に状況を聞くと、自治体内での学力差について提供データとほとんど同じで信ぴょう性も確認できました。東京都全体の傾向や、気づいていなかった視点も学ぶことができ...
もっと見る
匿名
1年前
　注文後、すぐに納品いただけました。また、それだけでなく、不明点等もフォローもいただけて、とても納得できる購入でした。

　もし、金額で購入を迷われている方がいましたら、商品の中身はもちろん、出品者様の対応からも、迷わず購入されることをお勧めいたします。
もっと見る
匿名
1年前
3つの商品を購入しました。
私にとっては高い金額ですが、どれもクオリティは星5つでは足りないと思いました。
非常に満足しています。
もっと見る
男性
6ヶ月前
他では入手できない情報が詰まっています。
人によって情報の価値は様々だと思いますが、我が子のためなら安いと思います。
素晴らしいモノをありがとうございます。
サービス内容
東京の高校受験と公立中学校を知り尽くし、不動産にも強い東京高校受験主義が、東京の約600校の公立中学校から本音で「おすすめできる公立中学校」を23区別に紹介。唯一無二の東京の公立中学校の学区選びガイドブックです。

膨大なデータを2年間かけて収集し、専門業者に分析を依頼。全公立中学校を有名都立高校への進路状況に基づき独自の偏差値、順位付けを行いました。「新宿区で転居先を探している」「東急目黒線沿線で優良学区を知りたい」といったニーズは、こちらのガイドブックを購入すれば全て解決します。

「転居先は良質な学区を最優先に選びたい。」
「少しでも学力レベルの高い落ち着いた中学校で学ばせたい」

こちらのガイドブックを片手に、物件を選定してください。
あなたの「住まい探し」をお手伝いします。

高校受験予定のご家庭はもちろん、良質な学区選びという点では、公立小学校から中学受験予定のご家庭にも参考になるかもしれません。

受験は個人戦ですから、どの中学校へ進学しようが、あなたのお子さんの難関高校への合格率が大きく変わることはないと思います。ただ、学力レベルの高い中学校は授業レベルが高く、周りからの刺激を受けやすい環境です。そのような中学校では、当たり前に勉強に打ち込む環境が得られるも事実です。一定の学力レベルの中学校を選定したいご家庭にとって、本ガイドは有効です。


（注意点）
※こちらのガイドブックは掲載数が100校以上となるため価格設定が高めです。1～3校の学校情報のみピンポイントで欲しい場合は「東京・神奈川の公立中学校情報をお教えします」の別サービスをご利用ください。1校追加は2,000円です。

※23区内のおすすめの公立中学区を紹介しています。多摩地域については、ランキングデータのみオプション（5,000円）で販売しております。希望の場合は合わせてご購入ください。単体販売はしておりません。こちらも十分に参考になるかと思います。

主な掲載データ
☑ 有名都立高校16校への進学状況 (過去2年間の累計)
☑ 有名都立高校への進学状況に基づく偏差値
☑ 有名都立高校への進学状況に基づく順位
☑ 評定「5・4」の割合に基づく内申点分布状況（上位300校）※一部未掲載
☑各公立中学校の特色や校風

☑ 東京高校受験主義の学校訪問の感想（2022年以降）
購入にあたってのお願い
こちらのご購入は、「東京23区内の転居」を考えている方を想定しています。戸建て・マンションの内見や、転居先の候補地の検討の際、こちらの極秘マニュアルをご参照いただき、転居候補地の公立中学校がおおむね都内600校中どの程度の位置づけなのか、特筆すべき特色があるのかをご確認ください。

「標準以上の進路実績のある中学校」と「際","様の対応からも、迷わず購入されることをお勧めいたします。
もっと見る
匿名
1年前
3つの商品を購入しました。
私にとっては高い金額ですが、どれもクオリティは星5つでは足りないと思いました。
非常に満足しています。
もっと見る
男性
6ヶ月前
他では入手できない情報が詰まっています。
人によって情報の価値は様々だと思いますが、我が子のためなら安いと思います。
素晴らしいモノをありがとうございます。"
プログラミング・ソフトウェア,チケット抽選申込や先着販売の購入サポートいたします,300円,300,すずらん3s,プラチナ,237,4.8,276,,https://coconala.com/services/3448434,"ホーム
住まい・美容・生活相談
その他（住まい・美容・生活相談）
チケット抽選申込や先着販売の購入サポートいたします
申込口数の必要な方、チケ発が出来ない方は是非ご連絡下さい。
評価 
 4.8(237)
販売実績 276件
残り 12枠 / お願い中：8人
すずらん3s
総販売実績：374件
プラチナ認定者の
サービス

直近3ヶ月で高い実績を維持した、信頼性の高い出品者のサービスです

サービス内容
購入時のお願い
評価・感想
お気に入り（216）
提供形式
テキスト
お届け日数
要相談 / 約4日（実績）
初回返答時間
1時間以内（実績）
高評価のレビュー
すべての評価・感想をみる
匿名
見積り相談
1ヶ月前
イレギュラーな争奪戦を勝ち抜いていただき、その後も嘘みたいなジャマくさい手続きを丁寧にこなして下さりました！！！！
本当にご迷惑を、お手数をお掛けして申し訳ありませんでした。
こちらの気持ちに真摯に対応して下さったと感じています。本当にありがとうございました...
もっと見る
ホオノキ
見積り相談
8日前
この度は大変入手困難な公演チケットを取ってくださり、本当に本当にありがとうございました…！
おかげさまで、かけがえのない思い出になりそうです。
ご連絡も大変迅速で、とても誠実にご対応いただき、終始安心感のあるお取引でした。
もっと見る
匿名
見積り相談
2ヶ月前
最初から最後まで、丁寧で迅速なご対応で安心してお願いすることが出来ました！
無事チケットも取っていただけて、何から何までお世話になり本当に感謝しております。
またこういった機会がある際には是非お願いできればと思っています。
もっと見る
星咲ゆめ
見積り相談
1ヶ月前
早番のチケ発をお手伝いしていただき、早番をゲットする事が出来ました。何度もお願いしておりますが、丁寧に対応していただき安心してお取引ができます。
また機会がございましたら何卒よろしくお願いいたします。
匿名
見積り相談
1ヶ月前
この度はお世話になりました。
レスポンスが常に迅速丁寧でとても素晴らしいお取引ができました。
またの機会がございましたらぜひご依頼させていただきたいです。
もっと見る
サービス内容
ライブやコンサート、舞台等のチケットサイトでの当選率を上げたい方、早番取得をご希望の方はお気軽にお問合せください。
先着ご希望の方はご購入前に必ず日程のお問い合わせをお願いします。

【抽選申込・先着代行共通事項】
チケットに記載される名義は当方のものになります。
支払い方法は基本はコンビニ払いとさせていただきますが、クレカ払いご相談下さい。
基本的にはご依頼者様のクレカを登録したアカウントをお借りします。
3Dセキュアのご対応についてはご相談。

当方のカードを切る場合、(チケット代実費+ココナラ手数料22%+クレカ払い手数料1000円～5000円(チケットの金額によります）を着手金購入後おひねりにて前払いにて頂戴させていただきます。
取得できなかった場合はキャンセル処理にて返金いたします。
金額によってはお断りさせて頂く場合がございます。

本人確認には対応しておりません。
媒体はイープラス・チケットぴあ・ローチケ・ＴＩＧＥＴ・ライブポケットなど会員登録無料のものでしたら対応可能です。
有料会員のものは事前に会員費をお支払いいたけましたらお受付いたします。

【抽選申込ご希望の方】
応募完了画面や抽選結果はスクリーンショットでご報告いたします。
応募口数の上限は基本的にはございません。
必要なアカウントご用意可能な場合が多いので、多数のアカウントでご応募されたい方は口数のご相談をお願いします。
当選・落選に関わらず、1申込あたり1,000円を頂戴致します。
当選の場合は成功報酬は規模や倍率によって要相談とさせていただきます。

【先着代行ご希望の方】
基本的には当方のアカウントでの申し込みとなりますが、本人確認がある公演の場合はお客様ご自身のアカウントにて代理でチケ発も可能です。
ご本人様のアカウントをお借りする場合は着手金は1500円頂戴致します。
購入時お客様の情報を手入力の必要がある場合別途代金頂戴する場合が御座います。

☆取得目的の方
整番問わず成功の場合は日時・内容によりご相談

☆早番目的の方
基本的にはイープラス、ローチケ、ちけっとぴあ、LivePocket、TIGETですが、他の媒体もお力になれる場合がございますので相談下さい。
成功報酬は番号によって事前に相談。

チケット購入は多数経験ございます。
ご相談のみでもご連絡お待ちしております。
購入にあたってのお願い
ご購入の前に以下の項目をお送りください

☆抽選希望、先着(取得目的)、先着(早番目的）
☆サイトU",のサービスです
プログラミング・ソフトウェア,一級建築士がインテリアコーディネートします,300円,300,Sumai No Design,,1,5.0,1,10日,https://coconala.com/services/4096254,"ホーム
住まい・美容・生活相談
住まい・インテリアの相談
インテリアコーディネートの相談
一級建築士がインテリアコーディネートします
予算に合わせて家具選びから配置まで丸ごと提案
評価 
 5.0(1)
販売実績 1件
残り 5枠 / お願い中：0人
Sumai No Design
総販売実績：1件
サービス内容
購入時のお願い
評価・感想
お気に入り（2）
提供形式
制作物 (+テキスト打ち合わせ)
お届け日数
10日（予定）
初回返答時間
1時間以内（実績）
高評価のレビュー
すべての評価・感想をみる
yosida88986shota
23時間前
初めてインテリアコーディネートを利用したので少し不安もありましたが、ヒアリングが丁寧で安心してお願いできました。
こちらの細かい要望もきちんと汲み取ってくださり、気になっていた点にもその都度答えていただけたのがありがたかったです。
提案も自分のイメージに合っ...
もっと見る
サービス内容
一級建築士×インテリアコーディネーターが、あなたのお部屋をトータルでコーディネートいたします！
戸建て・マンション・民泊まで幅広い実務経験をもとに、お客様の思い描く空間イメージとご予算に合わせた、リアルで実現しやすいインテリア提案をご提供します。

●こんな方へ
・一人暮らし・同棲をはじめるけど、どんな家具を選べばいいかわからない
・予算内で家具をトータル提案してほしい
・プロの視点で、内装と統一感のあるインテリアを選んでほしい

●サービス内容
・インテリアコーディネート提案書
・レイアウト図
・商品URL一覧資料
PDFにて納品いたします。
※3Dパースはオプションになります
※基本プランは1部屋（10畳程度）の家具提案が含まれます
※ご不明点は事前のお問い合わせも歓迎です！

●選ばれる理由
・一級建築士×インテリアコーディネーターの両資格を持つプロが対応
・戸建て・マンション・オフィス・レストラン・民泊まで幅広い実績
・内装設計の知識をもとに、空間全体との統一感を意識した家具選びが得意
・トレンドデザインから大衆受けするスタイルまで幅広く対応
・家具だけでなく、雑貨・小物のご提案も可能
・丁寧なコミュニケーションで、修正対応も柔軟に承ります

●納期
ご購入後、ヒアリングシートのご記入と追加質疑をさせていただきます。
ご回答いただいてから7日以内に初回提案を提出し、修正を含めて10日以内の完成を想定しております。
※ご回答や修正のレスポンスによって日数が前後する場合がございます。ご協力をお願いいたします。
お気軽にご相談ください！


購入にあたってのお願い
理想のお部屋づくりのため、まずは以下の内容をお聞かせください。
「まだ決まっていない」という項目は空欄でも大丈夫です！コピーしてチャット欄へ貼り付けてご使用ください。

Q1. お部屋を利用される方の構成：（例：20代一人暮らし、ご夫婦など）

Q2. 家具のトータル予算：（例：30万円以内、コスパ重視など）

Q3. 希望の納期：（例：〇月〇日まで、入居に合わせてなど）

Q4. 間取り図の添付：（寸法がわかる図面や不動産資料があればお送りください）

Q5. 設備の位置：（コンセント、エアコンの位置をお教えください）

Q6. お部屋の現況写真：（現在がわかる写真をお送りください）

Q7. 引き続き使用したい家具：（サイズ、写真があれば教えてください）

Q8. 新しく検討している家具：（例：3人掛けソファ、デスクなど具体的に）

Q9. 現状のお悩み：（例：部屋が狭く見えるなど）

Q10. 理想の空間イメージ：（例：北欧、インダストリアル、ホテルライクなど）

Q11. こだわり・NG条件：（例：木の温もりがほしい等）

Q12. その他メッセージ：（自由にご記入ください）
有料オプション
１部屋追加
＋ 20,000円
2部屋追加
＋ 36,000円
家具２パターン
＋ 20,000円
家具３パターン
＋ 35,000円
パース追加
＋ 20,000円
パース追加×2
＋ 35,000円
29,000 円
145ポイント (0.5％) 獲得
 購入画面に進む
 有料オプション 
無料で見積り相談
見積りから購入までの流れ
 出品者に質問
 フォロー
0
Sumai No Design
本人確認
機密保持契約(NDA)
インボイス発行事業者
未登録
総販売実績
1
評価
5.0
フォロワー
0
プロフィール詳細を見る
 出品者に質問
 フォロー
0
住まい・インテリアの相談の関連サービス
建築士とICの夫婦が住宅セカンドオピニオン承ります 注文住宅の間取り、外観デザインの添削・改善・提案
5.0
(33)
カルク建築デザ","に質問
 フォロー
0
Sumai No Design
本人確認
機密保持契約(NDA)
インボイス発行事業者
未登録
総販売"
プログラミング・ソフトウェア,理想のインテリア　選定から完成までサポートします,300円,300,Lyric Interior,プラチナ,122,4.9,149,30日,https://coconala.com/services/2648818,"ホーム
住まい・美容・生活相談
住まい・インテリアの相談
インテリアコーディネートの相談
理想のインテリア　選定から完成までサポートします
30日で一部屋完成　 完成度の高い　納得できる空間をご提案
評価 
 4.9(122)
販売実績 149件
残り 5枠 / お願い中：2人
Lyric Interior
総販売実績：194件
プラチナ認定者の
サービス

直近3ヶ月で高い実績を維持した、信頼性の高い出品者のサービスです

サービス内容
購入時のお願い
よくある質問
評価・感想
お気に入り（634）
提供形式
PDF・各種定型ファイル ビデオチャット打ち合わせ可能
お届け日数
30日（予定） / 約30日（実績）
初回返答時間
2時間以内（実績）
高評価のレビュー
すべての評価・感想をみる
renmama810
見積り相談
10ヶ月前
この度、アパートから戸建てへの引っ越しを機に、インテリアコーディネートをお願いしました。ココナラには同様のサービスを提供されている方が多く、決して安価ではないため、依頼先選びには正直迷いました。最終的には、第一印象と得意とされているインテリアの雰囲気に惹かれ...
もっと見る
出品者からの返信 
seike0505
見積り相談
11ヶ月前
新築のリビングダイニングのコーディネートを依頼させて頂きました。家具から小物までトータルでご提案頂けたことで、自力では実現できなかったであろうセンスの良いインテリアが叶いそうで、これから買い揃えていくのが楽しみです。2階リビングなのですが、図面を見て大きいソ...
もっと見る
出品者からの返信 
1025moya
見積り相談
1年前
理想のインテリアはあるが、自分の部屋にどの様に落とし込めば良いのか何を買えばいいのか、家具等のサイズ感もどうすれば良いか分からない状態でした。
また、理想のイメージの他に部屋の困り事や要望もあったので、併せてコーディネートすることが自分ではできないと思ってい...
もっと見る
出品者からの返信 
kanure1022
見積り相談
6ヶ月前
新築のLDK、寝室、玄関に続き、この度はトイレや和室なども含めた家全体のコーディネートをご提案いただき、誠にありがとうございます。
前回同様、全体の統一感を保ちつつ、それぞれの空間が質の高いものになるよう工夫してくださり、夫婦の好みにぴったりの家づくりが順調...
もっと見る
出品者からの返信 
ノンコママ
見積り相談
1年前
この度はコーディネートをありがとうございました。
部屋のイメージや家具の選定など、漠然とどのように進めていいか分からず頼りにさせていただいたところ、イメージに合うご提案をしていただきました。

もっと見る
出品者からの返信 
サービス内容
1室を対象に、家具や照明、窓回り、アートやグリーン、小物のスタイリングまで含め、 30日間でまとめあげます。
 
「何を選べばよいか分からない」 「全体のバランスに自信が持てない」「内装と合わないのではと不安」そんな 状態から、迷わずお部屋づくりを進められるようになります。

レイアウトの検討から、家具や小物の選定、配置や飾り方まで一貫してご提案、 
具体的に実現できるようにいたします。

部分的なアドバイスではなく、色や光、素材のバランスから、空間全体の空気感までつくることを大切にしています。

経歴20年以上の2級建築士が、 お部屋の広さや形状、生活動線、過ごし方を丁寧に整理、 長く心地よく使い続けられる空間を前提にご提案します。

■対象範囲：1室（LDKは開放して1室になる2室対象）50㎡以内

■取扱い内容（基本）
・家具レイアウト

・家具選定：
　キッチンはカップボードを含む

・窓回り選定：

・照明選定：（ダウンライトや間接照明などは除く）

・小物選定：
　最大30点まで　家電はカラーアドバイスのみ

・スタイリング：
　小物、アート、オブジェ、グリーンなどの選定
　ディスプレイ方法アドバイス

■別途見積のオプション：
・ディスプレイ追加（壁面収納棚や長いカウンター等）：サイズにより別途見積

・造作家具デザイン  1点につき：サイズにより別途見積
※基本的な図面作成と施工業者とのやりとりの橋渡し

■提出物：
・家具レイアウト図
・コンセプト資料
・選定商品ボード 
・商品リスト（すぐに商品をオンライン購入できるURL付）　※欠品の場合は代替品ご提案
・飾り方の方法や位置まで指定した、完成がイメージできるスタイリング資料（展開図など） 

お部屋の完成画像をご提供いただいた方を対象に、
画像確認後から2カ月間フォローアップ対応を行います。
※画像のご提供が確認でき次第、開始いたします。
※納品後30日以内に画像",のサービスです
プログラミング・ソフトウェア,建築士とICの夫婦が住宅セカンドオピニオン承ります,300円,300,カルク建築デザイン,プラチナ,24,5.0,33,,https://coconala.com/services/3840516,"ホーム
住まい・美容・生活相談
住まい・インテリアの相談
間取り・注文住宅の相談
建築士とICの夫婦が住宅セカンドオピニオン承ります
注文住宅の間取り、外観デザインの添削・改善・提案
評価 
 5.0(24)
販売実績 33件
残り 1枠 / お願い中：4人
カルク建築デザイン
総販売実績：33件
プラチナ認定者の
サービス

直近3ヶ月で高い実績を維持した、信頼性の高い出品者のサービスです

サービス内容
購入時のお願い
評価・感想
お気に入り（83）
提供形式
PDF・各種定型ファイル
お届け日数
要相談 / 約4日（実績）
初回返答時間
1時間以内（実績）
高評価のレビュー
すべての評価・感想をみる
みーながーわ
7日前
藁に縋る思いで依頼しました。既に我が家は間取りを構造計算に出しており、間取りを変更する場合は追加料金を支払わなくてはなりません。ぽいっと出せる金額ではなかったことと、構造計算出す前に急いで間取りを作り直したこともあり、気が滅入っていましたが、姉と夫が背中を押...
もっと見る
naritaS
2ヶ月前
素人がネット検索等で想定できる範囲の指摘ではなく、本当に生活をイメージして欠陥や不足を指摘くださり、新たな視点を得ることができました。その後の改善案作成まで、スムーズに取引頂き大変助かりました。コミュニケーション、クオリティ、納期、どれをとっても満点出品者さ...
もっと見る
渡邊恵里華
見積り相談
17日前
設計士の作った間取りと外観に不安があり今回相談させて頂きました。
決めては、小学生のお子さんがいらっしゃる事、ご夫婦でやられているのでお二人のご意見を頂けるなと思ったからです。

もっと見る
exp81411
2ヶ月前
ハウスメーカーの都合により限られた時間での依頼となりましたが、迅速にご対応いただき、おかげで効率的に検討を進めることができました。
間取りの問題点を的確に指摘していただき、改善提案のアイデアを取り入れながら大幅な改善ができました。
本当にありがとうございまし...
もっと見る
rarara24p
5日前
わかりやすく端的に伝えてくださり
なにより提案してくれるスピードが早く
こういったサービスを使う方は大なり小なり今の間取りに不安・不満があるなかで
もっと見る
サービス内容
【サービス紹介 】
下記の住宅に関するお悩み相談承ります  
●ハウスメーカーや工務店からの提案に満足していない 
●自分の要望が提案された間取りに反映されていない
●提案された間取りが使いやすいか不安である  
●自分の要望とは異なる外観デザインを提案された  
●第三者からの追加の視点や新しいアイデアがほしい  

【サービスの特徴】  
●建築士とインテリアコーディネーターの建築デザイナー夫婦による専門的なセカンドオピニオン提案
●自ら設計した住宅で暮らし、子育ても経験している夫婦による多角的な視点で、顧客に寄り添った提案 
●間取りと外観デザインの両方を総合的に見直し    

【サービスの流れ】  
STEP1　必用書類、基本情報の受け取り
内容によってはこちらから質問、ヒアリングをさせていただく場合もあります
　▼
STEP2　①「添削図面」
ご提供いただいた資料・情報を基に添削図面を作成いたします
・現状の平面図にコメント入りで朱書き添削（問題点の指摘）したもの
　▼
STEP3　②「改善提案図面」
①の添削にて表面化した問題点を改善するための改善提案図面を作成いたします
・現状図面と改善図面を重ね合わせた「重ね図」
・改善した間取りの「簡易CAD図面」
　▼　　　　
STEP4　③「修正改善提案図面」
②の改善提案図面に対して修正のご依頼があった場合に作成いたします
　　　　
【標準成果品】
①添削図面
②改善提案図面
③修正改善提案図面（修正がある場合のみ）
・②の内容ご確認後、1回までは無料で修正いたします
・②のご確認後、変更がない場合はこれで納品といたします
・②のデータ送付後48時間以内にお返事がない場合は変更無しと判断し納品といたします
・③の修正改善提案図面のデータ送付にて正式な納品とします
・2回目からの変更はオプションになります

※購入前に必ず「購入にあたってのお願い」をご確認ください
購入にあたってのお願い
【必要書類】
現在お打ち合わせ中のハウスメーカー、工務店の提案資料のご提供をお願いします。
（必須）・平面図・立面図・配置図
（任意）・パース・仕様書

【基本情報】
①家族構成（将来計画も含む）性別/年齢/職業
②理想のライフスタイル
③間取りのご要望・こだわり
④外観デザインのご要望・こだわり（※外観デザイン改善オプションありの場合）
⑤ハウスメーカー等の間取り・デザ",のサービスです
Excel・VBA・マクロ,実績1300件！最高品質Live2Dを制作します,300円,300,ユウシイ＠Vtuber制作,プラチナ,492,5.0,1300,25日,https://coconala.com/services/2756954,"ホーム
イラスト作成・漫画制作
Vtuberイラスト・モデリング
VTuberモデリング一括制作
実績1300件！最高品質Live2Dを制作します
全工程完結｜修正無制限・著作権譲渡込｜初心者も徹底支援
評価 
 5.0(492)
販売実績 551件
残り 1枠 / お願い中：19人
ユウシイ＠Vtuber制作
総販売実績：1,474件
プラチナ認定者の
サービス

直近3ヶ月で高い実績を維持した、信頼性の高い出品者のサービスです

サービス内容
購入時のお願い
よくある質問
評価・感想
お気に入り（2655）
商用利用
二次利用
高解像度（印刷可）
基本対応範囲
VTube Studio / Animaze / nizima LIVE / FaceRig
無料修正回数
無制限
ラフ提案数
1案
お届け日数
25日（予定） / 約17日（実績）
初回返答時間
1時間以内（実績）
スタイル
2D
ファイル形式
PNG / moc3 / jsons
タグ
live2d 依頼
vtuber 動物
高評価のレビュー
すべての評価・感想をみる
女性
見積り相談
16日前
この度はLive2Dモデルをはじめ、SDキャラ、ネームロゴ、追加表情差分、三面図まで幅広くご制作していただきました。

やり取りの中でこちらの要望をうまくお伝えできない場面もあり、
もっと見る
女性
見積り相談
1ヶ月前
●驚きのスピードとクオリティ
とにかくレスポンスが驚くほど早く、終始安心してお取引ができました。そして何より、価格に対して驚くほどモデルの完成度が高いです。

もっと見る
Tad_za3
見積り相談
21日前
お世話になりました。
依頼後直ぐに作業に取り掛かって頂き
納品日より10日はやくお届けしてくださったり、
もっと見る
般若です
見積り相談
28日前
今回初めてのモデリングで、見積もり相談からはじまり、購入、作成までとっても素早く、ご依頼してから4日程で届きました！
素早く、作業も丁寧で、仕上がりも雑さ何一つなく綺麗にモデリングされていました!!
リピ確定なら、モデリング様です☺️
もっと見る
男性
見積り相談
23日前
ご依頼時から納品完了まで常に丁寧にご対応くださいました。お仕事も丁寧でレスポンスも早く、とても安心してお任せできました。
多くの依頼を抱えていらっしゃる中で、こちらの要望をしっかりと汲み取ってくださり、想像以上のクオリティで仕上げていただきました。
ツールの...
もっと見る
サービス内容
━━━━━【はじめに】━━━━━

 　◆ ココナラランキング上位常連！
 　数ある中から「信頼の実績」をお選びいただきありがとうございます。

 　【2026年3月限定！春の特別キャンペーン】
 　全工程プラン：95,000円 → 特別価格 85,000円
 　✨ 2万円相当の表情差分4種を無料プレゼント中！
 　✎ 修正無制限・著作権譲渡込み・初心者サポート付

━━━━━【圧倒的な実績と信頼】━━━━━

 　■ 累計制作実績 1,000件突破！（最高ランク）
 　■ YouTube登録者数 数十万人規模の担当実績多数
 　■ 大手V事務所・企業案件の制作経験あり
 　■ 収益化・事務所所属の成功報告も多数！

　1,300件の経験に基づいた「最も美しく見えるバランス」と
　最新技術による「自然で滑らかな可動域」を両立いたします。

━━━━━【ご提供プラン】━━━━━

■ 全工程プラン：85,000円
□ 制作期間：約25日間

 　① キャラクターデザイン
 　② 高精度イラスト（パーツ分け込）
 　③ 高可動域Live2Dモデリング
 　④ 表情差分 計8種（喜怒哀楽 ＋ 限定特典4種）
 　　 ✨ 特典：青ざめ・ハート目・照れ・疑問（キー操作可）

■ モデリングのみ：65,000円
 　・他者様イラストの持ち込みも大歓迎です。
 　※ ケモ耳、衣装着脱等は追加オプションで対応可能。

━━━━━【制作の流れ】━━━━━

　① ご相談・お見積り
 　　✎ DMにてイメージをヒアリングし、プランを確定します。

　② ラフ画（下書き）の確認
 　　✎ デザイン案を提示し、キャラクターの形を決定します。

　③ カラーラフ（色付け）の確認
 　　✎ ざっくりとした配色を確認いただき、全体の雰囲気を固めます。

　④ 清書・ブラシ塗り（イラスト完成）
 　　✎ 細部まで描き込み、パーツ分け済みの最終イラストを仕上げます。

　⑤ モデリング・動作チェック 
　　✎ Live2dモデリングを行い、動画等で実際の動きを確認いただきます。

　⑥ 最終確認・納品

━━━━━━━━━━━━━━━━

 　「世界に一人だけの体」を手に入れ",のサービスです
Excel・VBA・マクロ,収益化V続出中！枠がある限り対応いたします,300円,300,Akira⭐︎実績千件以上！,プラチナ,107,5.0,134,45日,https://coconala.com/services/2966238,"ホーム
イラスト作成・漫画制作
Vtuberイラスト・モデリング
VTuberモデリング一括制作
収益化V続出中！枠がある限り対応いたします
表情5点付き！著作権譲渡！企業実績多数
評価 
 5.0(107)
販売実績 134件
残り 5枠 / お願い中：10人
Akira⭐︎実績千件以上！
総販売実績：789件
プラチナ認定者の
サービス

直近3ヶ月で高い実績を維持した、信頼性の高い出品者のサービスです

サービス内容
購入時のお願い
よくある質問
評価・感想
お気に入り（1161）
商用利用
二次利用
高解像度（印刷可）
基本対応範囲
VTube Studio / Animaze
無料修正回数
2回
ラフ提案数
1案
お届け日数
45日（予定） / 約43日（実績）
初回返答時間
2時間以内（実績）
スタイル
2D
ファイル形式
PNG / JPG / moc3 / jsons
高評価のレビュー
すべての評価・感想をみる
bunba
見積り相談
26日前
とても素敵なモデルを制作していただき、本当にありがとうございました。

お伝えしたイメージをとても忠実に、想像以上のクオリティで再現していただきました。
もっと見る
るかちゃん！
3ヶ月前
初めてで、1ミリも何も分からないまま
お願いしましたが、分からない事があれば
丁寧に答えて、教えてくださり
もっと見る
匿名
8ヶ月前
Vtuberデビューに向けてキャラデザイン＆モデリングを依頼しました。
Vtuberについての知識が乏しい中での依頼でしたが、こちらの質問や要望に丁寧に応えていただきました。
イラストについても、こちらの曖昧なイメージから一発目で理想に近いラフ画が届いたので...
もっと見る
匿名
9ヶ月前
Vtuberに興味をもって、初めてモデルの依頼をさせて頂きました。
右も左も分からないなか、一生懸命こちらの想いの話を聞いて、
一緒にモデルの形を作って頂け とても心強かったです。
もっと見る
reit222222
2ヶ月前
大変満足出来る立ち絵が出来上がりました
僕視点で素晴らしかった点を3点ほど挙げさせていただくと、1つ目としましては、詳細まで聞いて下さるために、細かい部分までも望み通りのものが出来上がります。次に、書き直しが可能である点が素晴らしかったです。言葉だけで完璧に...
もっと見る
サービス内容
✅Vtuberデビューを叶える全身キャラデザ＆モデリング＆表情4点（喜・怒・哀・楽）付き
☆プラン　Advance　 (命を吹き込む！)　100,000
☆プラン　Premium　(命が躍動する！)　130,000

✅３つのポイント
①キャラデザ〜モデリングまで全てお任せ！初心者の方は安心です！
②著作権譲渡込み！
二次制作や、商用利用(グッズ販売)はもちろん、収益化後もロイヤリティを請求いたしません！
③修正無制限！

✅実績1000件超のVtuber製作者としてクオリティに自信あり！
・Youtuber登録者数十万人のVtuber多数
・複数の事務所との企業案件多数
・無名の個人勢でも、短期間の収益化・事務所所属が続出！

✅Vtuberデビューに必要なものは全て承ります！
・モデリングのみ　50000〜
・ミニキャラ、イラストのみ・モデリングのみOK
・ロゴ・三面図など各種制作

✅「Live２Dモデルを依頼したい！でもどうすれば良いのかわからない」
「Live２Dモデルはどのぐらいのお金・時間がかかるのか？」等々
右上のお見積もりボタンから遠慮なくお問い合わせください！

✅メニュー説明はこちらです。
★Advance
ライブ配信では十分な動きです。顔の動きは上下左右に動きますし、体も自然に揺れるので問題ありません。

★Premium 【命が躍動します！】
→キャラをより魅力的に動きで魅せることができます！髪・体・顔・口・服装の動きがさらにスムーズになり、大きく動くようになります。立体的な動きもより大きくなります。体が揺れた時に、腕も合わせて動きます。

✅購入いただいた後はこちら
①ご希望のキャラデザ等をお伺いします！
② ベース・色付け図をご確認ください！
③ イラスト完成！
④ モデリングをご確認ください！
⑤ 納品データの動作をご確認ください！
⑥ 取引終了になります！

✅対応しているソフトについて
・Vtube Studioをオススメしております！
FaceRig、Animaze、IRIAMなどにも対応しています！
気になる場合はお申し付けくださいませ！
購入にあたってのお願い
※お見積りが終わってない場合は必ずお見積りのご連絡をお願いします！
※以下をご了承いただいた上でご購入をお願い致します。

■納品ファイル
イラスト絵：J",のサービスです
Excel・VBA・マクロ,Vtuberデビュー応援!!全工程制作します,300円,300,ミモネモ＠Vtuber制作,プラチナ,55,5.0,66,,https://coconala.com/services/2782228,"ホーム
イラスト作成・漫画制作
Vtuberイラスト・モデリング
VTuberモデリング一括制作
Vtuberデビュー応援!!全工程制作します
Live2Dモデル・ロゴ・表情差分まで全部込!!
評価 
 5.0(55)
販売実績 66件
残り 1枠 / お願い中：5人
ミモネモ＠Vtuber制作
総販売実績：114件
プラチナ認定者の
サービス

直近3ヶ月で高い実績を維持した、信頼性の高い出品者のサービスです

サービス内容
購入時のお願い
評価・感想
お気に入り（1053）
商用利用
二次利用
高解像度（印刷可）
無料修正回数
2回
ラフ提案数
1案
お届け日数
要相談 / 約76日（実績）
スタイル
2D
ファイル形式
PNG / PSD / moc3 / cfg / jsons / その他
高評価のレビュー
すべての評価・感想をみる
。はづき。
見積り相談
1年前
仕事はとても丁寧ですし、デザインセンスも素晴らしく、イラストも可愛くてクオリティは本当にお値段以上です。キャラクターデザインはもちろんですが、ロゴやSDイラスト、オプションで依頼した配信画面、オリジナルペットも細かいところまで凝ったデザインなので大満足以上の...
もっと見る
女性
見積り相談
1年前
可愛いさも内容もてんこもりの素晴らしすぎるLive2Dセットで大変お世話になりました！
デザインやモデリングなどのクリエイティブな部分にまったく明るくないため丸投げ状態だったり、拙い説明のわがままな要望を出したりしていたのですが、そんな中でもしっかりと耳を傾...
もっと見る
出品者からの返信 
mo_omimi
見積り相談
1年前
この度はありがとうございました♪

ココナラ自体初めての依頼で、全くわからないLive2dモデルの作成だったので初めは色々不安もありましたが、ミモネモ様に依頼出来て本当に良かったです！
もっと見る
出品者からの返信 
Ouka_mikaduki
見積り相談
3ヶ月前
クリエイター様に依頼をするのが初めてだったのでとても緊張していたのですが、ヒアリングや説明などが素人の私でもわかるように優しくお話ししてくださり、とても安心感や信頼感を抱いた状態でお取引をさせていただけました！

また、キャラクターの制作時にも、こちらのイメ...
もっと見る
女性
見積り相談
1年前
とても可愛いお体を作成していただきました！本当に大満足です。Live2Dの動きもかなり滑らかで、また口を三角にしていただいたりと言った変更もお願い出来ました！よく見たらこだわりポイントが詰まっていて本当に大切に丁寧に作成してくださることがわかります。
センス...
もっと見る
出品者からの返信 
サービス内容
数ある中からご覧いただきありがとうございます！


【全部込!! Vtuberデビューセット!】
キャラデザイン、イラスト作成、パーツ分け、Live2Dモデリング、キャラクターロゴ、
表情差分、SDキャライラスト（リッチ・ハイリッチのみ） をセットでご提供いたします!

【料金】
シンプル(上半身)………60,000円
シンプル(全身)…………80,000円

リッチ(上半身)…………90,000円
リッチ(全身)………… 110,000円

ハイリッチ(上半身)…120,000円 
ハイリッチ(全身)……140,000円


その他追加オプションもあります。詳細は画像・動画を参照してください。

※記載の料金は個人様のご利用を想定しております。法人の方は別途お見積もり致します。


※当サービスはVtubestudioのご利用を想定しています。※
Vtubestudioのインストールと動作確認をお願いいたします。


【お取引の流れ】
①お客様がイメージされているキャラクターデザイン案をお伝えください。
  ざっくりとした内容でも大丈夫です。
　その後詳細なイメージを共有して、ラフを提出いたします。

②キャラクターラフ・ロゴラフの確認 ※無料修正2回まで
・大幅な変更をしたい場合はラフの段階でお願い致します。
・修正箇所が複数ある場合はラフの段階でお伝えいただけますと無料修正回数内で
修正ができ、制作時間の短縮にもなります。

③完成イラストの確認
※完成イラストご確認後の大幅な修正は出来かねます。ご了承ください。

④モデリング・SDキャライラスト・ロゴデザイン等の確認

⑤お客様による動作確認後、完成したものを納品

⑥お取引終了

・修正回数はキャララフ案・ロゴラフ案各2回までになります。
　※申込時にイメージをしっかりとお伝えください。
・お見積もりの際にお伺いしていない内容の「変更」は、追加の料金がかかります。
・納品後の修正は出来かねますので、予め",のサービスです
Excel・VBA・マクロ,男性Vtuber専門｜最高品質モデル制作します,300円,300,ユウシイ＠Vtuber制作,プラチナ,468,5.0,1000,25日,https://coconala.com/services/2896190,"ホーム
イラスト作成・漫画制作
Vtuberイラスト・モデリング
VTuberモデリング一括制作
男性Vtuber専門｜最高品質モデル制作します
実績1000件｜修正無制限・著作権譲渡込｜初心者も徹底支援
評価 
 5.0(468)
販売実績 536件
残り 0枠 / お願い中：20人
ユウシイ＠Vtuber制作
総販売実績：1,474件
プラチナ認定者の
サービス

直近3ヶ月で高い実績を維持した、信頼性の高い出品者のサービスです

サービス内容
購入時のお願い
よくある質問
評価・感想
お気に入り（1584）
商用利用
二次利用
高解像度（印刷可）
基本対応範囲
VTube Studio / Animaze / nizima LIVE / FaceRig
無料修正回数
無制限
ラフ提案数
1案
お届け日数
25日（予定） / 約18日（実績）
初回返答時間
1時間以内（実績）
スタイル
2D
ファイル形式
PNG / moc3 / jsons
タグ
live2d 依頼
高評価のレビュー
すべての評価・感想をみる
ケムボー
見積り相談
1日前
ラフ画修正無制限が何より安心で、修正をお願いするととても早く対応してくれました！
ラフ画、色塗り、モデリングの途中経過の段階で修正希望がないかをこまめに確認してくれるので、ラフ画の段階で「服の袖の形」、色塗りの段階で「目の色」、モデリングの段階で「髪の揺れ方...
もっと見る
わか丸　
見積り相談
1ヶ月前
・価格に対してクオリティが非常に高い
期待値を大きく上回る仕上がりで、細部まで丁寧。コスト以上の満足感がある。

もっと見る
匿名
見積り相談
26日前
最初の相談から納品まで、終始とても丁寧かつ迅速にご対応いただき、
ココナラでの取引が初めての私でも安心して進めることができました。

もっと見る
匿名
見積り相談
19日前
とても親身に対応していただきました。ありがとうございました！

すでに持っているイラストをベースにデザインをしてもらいましたが、
もっと見る
ドラゴのゲームと雑談
見積り相談
2ヶ月前
ユウシイさんに男性Vを作成していただきました!!
初めから非常に丁寧で、日本人ではないと書いておりますが全くコミュニケーションで困ることもありませんでした。

もっと見る
サービス内容
━━━━━【はじめに】━━━━━

 　数ある出品の中から閲覧いただき、
 　誠にありがとうございます☺️✨

　【2026年3月限定！春の特別キャンペーン】
 　全工程プラン：95,000円 → 特別価格 85,000円
 　✨ 2万円相当の表情差分4種を無料プレゼント中！
 　✎ 修正無制限・著作権譲渡込み・初心者サポート付

━━━━━【圧倒的な実績と信頼】━━━━━

 　■ 累計制作実績 1,000件突破！（最高ランク）
 　■ YouTube登録者数 数十万人規模の担当実績多数
 　■ 大手V事務所・企業案件の制作経験あり
 　■ 収益化・事務所所属の成功報告も多数！

 　1,300件の経験に基づいた「最も美しく見えるバランス」と
 　最新技術による「自然で滑らかな可動域」を両立いたします。

━━━━━【ご提供プラン】━━━━━

■ 全工程プラン：85,000円
□ 制作期間：約25日間

 　① キャラクターデザイン
 　② 高精度イラスト（パーツ分け込）
 　③ 高可動域Live2Dモデリング
 　④ 表情差分 計8種（喜怒哀楽 ＋ 限定特典4種）
 　　 ✨ 特典：青ざめ・ハート目・照れ・疑問（キー操作可）

■ モデリングのみ：65,000円
 　・他者様イラストの持ち込みも大歓迎です。
 　※ ケモ耳、衣装着脱等は追加オプションで対応可能。

━━━━━【制作の流れ】━━━━━

　① ご相談・お見積り
 　　✎ DMにてイメージをヒアリングし、プランを確定します。

　② ラフ画（下書き）の確認
 　　✎ デザイン案を提示し、キャラクターの形を決定します。

　③ カラーラフ（色付け）の確認
 　　✎ ざっくりとした配色を確認いただき、全体の雰囲気を固めます。

　④ 清書・ブラシ塗り（イラスト完成）
 　　✎ 細部まで描き込み、パーツ分け済みの最終イラストを仕上げます。

　⑤ モデリング・動作チェック 
　　✎ Live2dモデリングを行い、動画等で実際の動きを確認いただきます。

　⑥ 最終確認・納品

━━━━━━━━━━━━━━━━

 　「世界に一人だけの体」を手に入れるワクワクを。
 　ぜひお気軽に、あなたの夢を相談してください☺️✨

━━━━━━━━━━━━━━━━
購入にあたってのお願い
━━━━━【事前案内】━━━━━

■ お見積りについて
",のサービスです
Excel・VBA・マクロ,最高品質！魅力溢れる理想のVTuberを制作します,300円,300,Rei ★,プラチナ,125,5.0,145,40日,https://coconala.com/services/3260532,"ホーム
イラスト作成・漫画制作
Vtuberイラスト・モデリング
VTuberモデリング一括制作
最高品質！魅力溢れる理想のVTuberを制作します
好みの絵柄で描けます！【表情8個付】修正無制限、著作権譲渡
評価 
 5.0(125)
販売実績 145件
残り 1枠 / お願い中：11人
Rei ★
総販売実績：1,325件
プラチナ認定者の
サービス

直近3ヶ月で高い実績を維持した、信頼性の高い出品者のサービスです

サービス内容
購入時のお願い
よくある質問
評価・感想
お気に入り（1021）
商用利用
二次利用
高解像度（印刷可）
基本対応範囲
VTube Studio / Animaze / nizima LIVE / FaceRig
無料修正回数
無制限
ラフ提案数
1案
お届け日数
40日（予定） / 約36日（実績）
初回返答時間
1時間以内（実績）
スタイル
2D
ファイル形式
PNG / JPG / moc3
タグ
live2d 依頼
高評価のレビュー
すべての評価・感想をみる
匿名
見積り相談
1ヶ月前
制作してほしいキャラクターが既に存在しており、そのキャラクターの再現をお願いしたくモデリングをご依頼いたしました。
以前、別のモデラー様に同様の依頼をした際には全く異なるキャラクターが完成してしまい、その旨をお伝えしたところ、Rei様は「元のキャラクターの雰...
もっと見る
よしまる丸
見積り相談
3ヶ月前
このたびは、長期間にわたり丁寧にご対応くださり、本当にありがとうございました。
Live2DによるVtuberモデル制作をお願いするのは初めてで不安もありましたが、Rei★さんはいつも優しく、ひとつひとつの疑問に丁寧に答えてくださり、安心して進めることができ...
もっと見る
星草じな
見積り相談
7ヶ月前
VTuber初心者で右も左も分からない状態でしたが、丁寧にヒアリングしてくださりました。珍しいモチーフ、装飾の多いデザインでしたが、上手く言語化できない私と何度も快くやりとり・修正をしてくださり、思い描ける最高の子が産まれてきました!!
またお取引に関しても...
もっと見る
女性
見積り相談
2日前
はじめての依頼でとても緊張していたのですが、
終始とても優しく丁寧に対応してくださり、安心してお任せすることができました。

もっと見る
匿名
見積り相談
23日前
初めての依頼でしたが、終始安心してお取引ができました。 モデルのクオリティが素晴らしいのはもちろんのこと、こちらの不手際によるトラブルや急な修正依頼（襟足の調整など）にも、驚くほど迅速かつ丁寧にご対応いただけました。

クリエイターとしての技術力だけでなく、...
もっと見る
サービス内容
♡ 期間限定 : 2月28日まで
*～*～*～*～*～*～*～*～*
✨今なら【総額2万円分】✨
表情４つ無料プレゼント！
怒り顔、照れ顔、ハート目、疑問顔
*～*～*～*～*～*～*～*～*

まずは、お気軽にメッセージをお送りください！
お見積もり、気になること、なんでもご回答させていただきます。

✅ 全工程プラン
・キャラデザ
・イラスト制作
・パーツ分け
・モデリング制作
・表情差分(喜怒哀楽)

✅ ３つのポイント
①初心者完全サポート！丁寧にフォローします。
②修正無制限！満足いくまで何度でも対応可能。
③著作権譲渡込み＆商用利用OK！

アフターサポート：
納品後に、イラストやモデリングの欠陥を発見された場合はすぐ無料で修正対応いたします。

✅ ココナラ VTuber 販売実績 1位
・総販売実績 1000件越え
・大手VTuber事務所様と複数提携
・個人勢や登録者100万人越えのVTuberも制作

✅ シンプルな２つのプラン
・Advance 全身  ¥85,000
・Premium 全身 ¥105,000

納期30日

✅ プランの説明
・Advance【Live配信で十分な動き】
→とりあえずVTuberで配信をしたい人向け
顔の動きは上下左右に動き、体も自然に揺れます。

・Premium【命を吹き込む】
→他の人とは少し違ったモデルが欲しい人向け
髪、飾り物、体の動きが更に柔らかく、自然で動きの幅も大きい。体の向き方向も変えることができ、前後（XYZ軸）の動きも可能。口の開閉、体の動きに伴い、腕も揺れます。

✅ ご購入後の流れ
①キャラクターをヒアリング
②ラフ案
③ベース・色付け図
④イラスト完成
⑤モデリングの確認
⑥納品データの動作確認
⑦取引終了

✅ 対応ソフト
・Vtube Studio推奨（FaceRig、Animaze、IRIAMなども対応）

✅ サンプル動画
最後に様々な動きを掲載しています",のサービスです
Excel・VBA・マクロ,Vtuberキャラデザ・モデリング全て制作します,300円,300,彩瀬川カトレア,プラチナ,206,5.0,238,,https://coconala.com/services/1056761,"ホーム
イラスト作成・漫画制作
Vtuberイラスト・モデリング
VTuberモデリング一括制作
Vtuberキャラデザ・モデリング全て制作します
男性女性キャラどちらも得意です♪イラストのみモデリングのみ可
評価 
 5.0(206)
販売実績 238件
残り 16枠 / お願い中：4人
彩瀬川カトレア
総販売実績：257件
プラチナ認定者の
サービス

直近3ヶ月で高い実績を維持した、信頼性の高い出品者のサービスです

サービス内容
購入時のお願い
よくある質問
評価・感想
お気に入り（3499）
商用利用
二次利用
高解像度（印刷可）
基本対応範囲
VTube Studio
無料修正回数
2回
ラフ提案数
1案
お届け日数
要相談 / 約70日（実績）
初回返答時間
1時間以内（実績）
スタイル
2D
ファイル形式
PNG / JPG / PSD / moc3
高評価のレビュー
すべての評価・感想をみる
匿名
見積り相談
7ヶ月前
　こういったご依頼をするのこと自体がはじめてでしたが、キャラクター制作をお願いする際に分かりやすいテンプレートがあり、ヒアリングがとてもスムーズに進み、自分の想像している完成図を分かりやすく伝えることができました。

また、制作物のクオリティはさることながら...
もっと見る
男性
見積り相談
8ヶ月前
初めて依頼させていただく方が制作者様でよかったです。
ココナラを利用するのが不慣れでご迷惑をかけてしまったのですが、
すぐに公式の必要なページを用意してくださり、迅速に解決することができました。
もっと見る
男性
見積り相談
8日前
終始丁寧な対応で、初めてでも安心して取引することができます。
こちらがどういう対応、返事をすればいいのかまで説明してくれます。禁止事項等も丁寧に説明してくれます。
ただただ禁止事項に注意しながら指示通りに対応するだけでいいです。
もっと見る
匿名
見積り相談
1ヶ月前
今回は立ち絵製作からモデリングまで一括で担当してもらえる方がいいなと思っていたので、多くのクリエイターの中から綾瀬川カトレア様を選ばせていただきました。予約が集中していたため納期に不安はありましたが、やり取りがスムーズだったため予定よりも早い完成となり、満足...
もっと見る
tokumei818
見積り相談
7ヶ月前
とても丁寧に対応してくださいましたし、納品のスピードもすごく早かったです。
ココナラを使ったのがこれで初なのでご迷惑をお掛けしてしまいましたが、その後も制作を続けてくださり
説明などもわかりやすく画像を用いて解説していただき、修正やイメージを頼んだら
もっと見る
サービス内容
企業所属Vtuberとしても活動しております、彩瀬川カトレアと申します！
ご相談のみ可能◎お気軽にDMください！
画像２枚目に【超簡単に見積もり相談を送る方法】を掲載しておりますのでご確認ください！

【通常納期】
現在2026年4月よりご制作開始・4月末納品にてご案内中です
※４月のご依頼もうすぐ締め切ります！お早めにご相談ください。
※イラストのみご制作の場合、5月のご案内になります。

※スケジュールは早めに埋まってしまう可能性がございます。
イラストが必要な１～２ヶ月前からお声掛け頂けますと幸いです。

※ココナラのシステム上見積もり送信後、1週間以内にご入金となります。
必ずお支払いが可能なタイミングでご相談ください。
また、稿料未払いの場合スケジュールの確保は行えません。

【アピールポイント！】
☆実績400以上！ゲーム業界やVtuber企業案件の実績多数ございます
☆納期遅延一度もありません！
☆高品質な作品を期日通りにご制作いたします

●Vtuber用のキャラクターデザインからモデリング制作を一貫して制作が可能です！
●イラストの制作のみ・モデリングの制作のみでもお気軽にご相談ください♪
●アイコン/ヘッダー/キービジュアル/SDイラスト/三面図の同時制作可能！
●キャラクターデザインが既にデザインが決まっている場合でも対応できます！

【Vtuber一括制作プラン（通常稼働域）】
全身　90,000円～
上半身のみ　75,000円～

【Vtuberイラストのみご制作の料金】
全身　　5万円～
上半身　35000円～
SD（デフォルメイラスト）15000円～
3面図　3万円～
キービジュアルイラスト　5万円～
アイコンイラスト　2万円～
※上記全てデザインによって変動有

【LIVE2Dモデリングのみの料金】
通常可動域モデリング　40000円～
高可動域モデリング　80000円～
表情差分モデリング1点　2000円
※高可動域モデリング用のパーツ分けは追加費が発生いたします。

【その他",のサービスです
Excel・VBA・マクロ,Vtuberキャラデザ～モデリング全行程制作します,300円,300,中里智明,,249,5.0,268,,https://coconala.com/services/1754111,"ホーム
イラスト作成・漫画制作
Vtuberイラスト・モデリング
VTuberモデリング一括制作
Vtuberキャラデザ～モデリング全行程制作します
Live2Dモデル・パーツ分け・ロゴ・SDキャラまで全部込！
評価 
 5.0(249)
販売実績 268件
残り 1枠 / お願い中：8人
中里智明
総販売実績：474件
PRO認定サービス

品質・納期等の厳しい基準をクリアした、運営審査済のサービスです

サービス内容
購入時のお願い
よくある質問
評価・感想
お気に入り（2188）
商用利用
二次利用
高解像度（印刷可）
無料修正回数
2回
ラフ提案数
1案
お届け日数
要相談 / 約75日（実績）
初回返答時間
1時間以内（実績）
スタイル
2D
ファイル形式
PNG / PSD / moc3 / jsons / その他
タグ
live2d 依頼
vtuber 動物
高評価のレビュー
すべての評価・感想をみる
女性
2ヶ月前
書店で一目惚れしたご本のクリエイター様です！ココナラの関連サービスのご紹介機能で偶然お見かけし、「この女の子は！もしかしてあのご本の！？ぜひご依頼をさせていただきたい！」と全速力で購入をさせていただきました！
最初から最後まで、とっても丁寧にご対応いただきま...
もっと見る
出品者からの返信 
みながさ。返事忘れ有再連絡お願いします
見積り相談
2年前
最初のラフ作成段階では、なんとなく自分のイメージとは違ったため、修正をお願いしました。
しかしその際、細かな修正に何度も親切に対応していただき、とても満足いくものができました。
修正していただくときに数パターン作成していただいてその中から選択するように進めて...
もっと見る
出品者からの返信 
匿名
見積り相談
5ヶ月前
最後まで、大変に丁寧なご対応をしていただきました。
キャラクターデザインにこだわりを持っている方にこそ、
強くお薦めできるサービス内容であったと感じています。
もっと見る
出品者からの返信 
男性
見積り相談
1年前
Live2dモデルを作成するサービスは数多くありますが、ポートフォリオの魅力はもちろんのこと、提供されるサービスの詳細なご説明から、中里先生を選ばせていただきました。作成中もこちらの要望を丁寧に汲んでいただき、色の細かい調整についても複数案をご提示いただき、...
もっと見る
出品者からの返信 
匿名
見積り相談
2年前
Vtuberのモデルを依頼したいということで購入させていただきました。

事前にどういったキャラクターにするのか決めていたため、その内容について細かく書いたところ、その特徴をしっかりと反映したモデルを制作してくださいました。
もっと見る
出品者からの返信 
サービス内容
【全部込み！Vtuberスタートパック】
VtubeStudio、NizimaLiveなどで使用するVtuberをデザイン、モデリング、ロゴまで一括で作成致します。

キャラデザ、全身イラスト、パーツ分け、モデリング、キャラクターロゴ、SDキャラクター全てを提供のVtuberに必要な素材の一括パックです。

男性、女性、ケモキャラ、デフォルメキャラ、子供、成人、老人、動物、人外なんでもOK！
絵柄や経歴はポートフォリオも参照ください。

【料金】
3つのプランでモデリング範囲で料金が変わります
全てのプランで「キャラデザ、バストアップイラスト、パーツ分け、ロゴ制作、SDキャラアイコン、モデリング」込みの料金です

Basic…￥120,000～
Standard…￥155,000～
Advance…￥190,000～

詳細については料金表の画像をご覧ください
※Basic、Standard、Advanceのサンプル動画もご覧ください

安くお手軽な2頭身モデル注文はこちら
https://coconala.com/services/1993422
ロゴだけ欲しい方はこちら
https://coconala.com/services/2653770

【ご購入後の流れ】
①キャラクターデザイン案、イメージカラー、ロゴイメージ等を詳細に教えてください。

キャラクター例：性別、年齢、身長、髪の長さや色、釣り目やたれ目、性格や雰囲気、服装など
ロゴ例：キャラクターの名前、フォントの種類、イメージカラーなど

②ラフ確認

③完成イラスト・モデリング・ロゴデザイン等の確認

④納品データの動作確認

⑤取引終了

【注意事項】
・完成までには注文から1カ月半～2ヵ月程度をお見積りください
・一括パックのみの提供です（イラストのみ、モデリングのみ、ロゴのみ等は受け付けていません）
・修正回数はキャララフ案、ロゴラフ案2～３回
申込時にイメ","からの返信 
みながさ。返事忘れ有再連絡お願いします
見積り相談
2年前
最初のラフ作成段階では、なんとなく自分のイメージとは違ったため、修正をお願いしました。
しかしその際、細かな修正に何度も親切に対応していただき、とても満足いくものができました。
修正していただくときに数パターン作成していただいてその中から選択するように進めて...
もっと見る
出品者からの返信 
匿名
見積り相談
5ヶ月前
最後まで、大変に丁寧なご対応をしていただきました。
キャラクターデザインにこだわりを持っている方にこそ、
強くお薦めできる"
Excel・VBA・マクロ,ロゴ・SD付でVtuber全工程を制作します,300円,300,ユウシイ＠Vtuber制作,プラチナ,159,4.9,181,25日,https://coconala.com/services/3510772,"ホーム
イラスト作成・漫画制作
Vtuberイラスト・モデリング
VTuberモデリング一括制作
ロゴ・SD付でVtuber全工程を制作します
全工程完結｜修正無制限｜著作権譲渡｜ロゴ・SDも全部入り
評価 
 4.9(159)
販売実績 181件
残り 4枠 / お願い中：16人
ユウシイ＠Vtuber制作
総販売実績：1,474件
プラチナ認定者の
サービス

直近3ヶ月で高い実績を維持した、信頼性の高い出品者のサービスです

サービス内容
購入時のお願い
よくある質問
評価・感想
お気に入り（729）
商用利用
二次利用
高解像度（印刷可）
基本対応範囲
VTube Studio / Animaze / nizima LIVE / FaceRig
無料修正回数
無制限
ラフ提案数
1案
お届け日数
25日（予定） / 約17日（実績）
スタイル
2D
ファイル形式
PNG / moc3 / jsons
高評価のレビュー
すべての評価・感想をみる
匿名
見積り相談
20日前
ご相談の段階からレスポンスが早く、またご依頼させていただいてからも納品完了まで、とても丁寧にご対応してくださいました。
こちらが想定していた納品予定日よりも早い期日を設けていただき、さらに追加依頼を複数依頼させていただいたにも関わらず、納品予定日よりも早く完...
もっと見る
匿名
見積り相談
12日前
この度、ユウシイさまに初めてご依頼しました。
今回はモデリングをお願いしたのですが、元のイラストの雰囲気を大切にしてくださり、本当に素敵なモデルを作成していただきました。
特に目が綺麗で、ユウシイさまにお願いして本当に良かったです！
もっと見る
リク＠
見積り相談
3ヶ月前
ユウシイさんに依頼して本当に良かったと思いました。

私は誰かに有償で依頼して作品を作ってもらったことがありませんでした。
もっと見る
初心者です⑤
見積り相談
1ヶ月前
LIVE2D依頼させて頂きました✨️立ち絵は既に前に依頼していたため依頼をして3日でLIVE2Dになりました！！予想より物凄い早くて連絡気が付かなかったぐらいです！！初めてLIVE2Dを作ったのですが、おぉ！すごぉ✨️と感動が出ました！

リアルがバタバタし...
もっと見る
リチウムイオン
見積り相談
3ヶ月前
レスポンス・修正すべてにおいて早い、それなのにクオリティがとても高い！素敵なアバターを作成していただきました！ また、受け答えもものすごく丁寧な方でこちらの要望も嫌な顔せず承諾してくださりました。さらに納品期限は予定していた日にちよりもずっと早くしていただき...
もっと見る
サービス内容
━━━━━【はじめに】━━━━━

　★ デビューに必要な素材が""全て""揃う！
 　【ロゴ・SDキャラ付き】究極のオールインワンパック

　【2026年3月限定！春の特別キャンペーン】
 　通常価格：115,000円 → 特別価格 105,000円
 　✨ さらに、2万円相当の表情差分4種を無料プレゼント中！
 　✎ 修正無制限・著作権譲渡込み・初心者徹底サポート

━━━━━【当サービスが選ばれる理由】━━━━━

　■ 別々に依頼する手間がゼロに！
　■ ロゴ・SD・モデルの「世界観統一」が可能
　■ 全部まとめて頼むから、トータルで安い！

「迷ったらコレ！」の自信作です。
　最高のスタートダッシュを、一緒に切りましょう☺️✨

━━━━━【ご提供プラン】━━━━━

■ パーフェクトデビューパック：105,000円
□ 制作期間：約25日間

 　① キャラクターデザイン
 　② 高精度イラスト（パーツ分け込）
 　③ 高可動域Live2Dモデリング
 　④ ネームロゴ制作（商用利用可）
 　⑤ SDキャラ（ちびキャラ）イラスト
 　⑥ 表情差分 計8種（喜怒哀楽 ＋ 限定特典4種）
 　　 ✨ 特典：青ざめ・ハート目・照れ・疑問（キー操作可）

━━━━━【制作の流れ】━━━━━

　① ご相談・お見積り
 　　✎ DMにてイメージをヒアリングし、プランを確定します。

　② ラフ画（下書き）の確認
 　　✎ デザイン案を提示し、キャラクターの形を決定します。

　③ カラーラフ（色付け）の確認
 　　✎ ざっくりとした配色を確認いただき、全体の雰囲気を固めます。

　④ 清書・ブラシ塗り（イラスト完成）
 　　✎ 細部まで描き込み、パーツ分け済みの最終イラストを仕上げます。

　⑤ モデリング・動作チェック 
　　✎ Live2dモデリングを行い、動画等で実際の動きを確認いただきます。

　⑥ 最終確認・納品

━━━━━━━━━━━━━━━━

　「迷ったらコレ！」の自信作です。
 　最高のスタートダッ",のサービスです
